indunamesw,level,indunamesw1,indunamesw2,indunamesw3,indunamesw_path,raw_leaf_names,raw_paths,occurrence_count
交通运输,1,交通运输,,,交通运输,交通运输,交通运输 > 交通运输 > 交通运输,27
物流,2,交通运输,物流,,交通运输 > 物流,物流,交通运输 > 物流 > 物流,33
中间产品及消费品供应链服务,3,交通运输,物流,中间产品及消费品供应链服务,交通运输 > 物流 > 中间产品及消费品供应链服务,中间产品及消费品供应链服务,交通运输 > 物流 > 中间产品及消费品供应链服务,57
仓储物流,3,交通运输,物流,仓储物流,交通运输 > 物流 > 仓储物流,仓储物流,交通运输 > 物流 > 仓储物流,148
公路货运,3,交通运输,物流,公路货运,交通运输 > 物流 > 公路货运,公路货运,交通运输 > 物流 > 公路货运,71
原材料供应链服务,3,交通运输,物流,原材料供应链服务,交通运输 > 物流 > 原材料供应链服务,原材料供应链服务,交通运输 > 物流 > 原材料供应链服务,35
快递,3,交通运输,物流,快递,交通运输 > 物流 > 快递,快递,交通运输 > 物流 > 快递,15
跨境物流,3,交通运输,物流,跨境物流,交通运输 > 物流 > 跨境物流,跨境物流,交通运输 > 物流 > 跨境物流,68
机场,3,交通运输,航空机场,机场,交通运输 > 航空机场 > 机场,机场,交通运输 > 航空机场 > 机场,34
航空运输,3,交通运输,航空机场,航空运输,交通运输 > 航空机场 > 航空运输,航空运输,交通运输 > 航空机场 > 航空运输,83
港口,3,交通运输,航运港口,港口,交通运输 > 航运港口 > 港口,港口,交通运输 > 航运港口 > 港口,122
航运,3,交通运输,航运港口,航运,交通运输 > 航运港口 > 航运,航运,交通运输 > 航运港口 > 航运,102
铁路公路,2,交通运输,铁路公路,,交通运输 > 铁路公路,铁路公路,交通运输 > 铁路公路 > 铁路公路,6
公交,3,交通运输,铁路公路,公交,交通运输 > 铁路公路 > 公交,公交,交通运输 > 铁路公路 > 公交,92
铁路运输,3,交通运输,铁路公路,铁路运输,交通运输 > 铁路公路 > 铁路运输,铁路运输,交通运输 > 铁路公路 > 铁路运输,85
高速公路,3,交通运输,铁路公路,高速公路,交通运输 > 铁路公路 > 高速公路,高速公路,交通运输 > 铁路公路 > 高速公路,320
传媒,1,传媒,,,传媒,传媒,传媒 > 传媒 > 传媒,10
出版,2,传媒,出版,,传媒 > 出版,出版,传媒 > 出版 > 出版,3
其他出版,3,传媒,出版,其他出版,传媒 > 出版 > 其他出版,其他出版,传媒 > 出版 > 其他出版,2
大众出版,3,传媒,出版,大众出版,传媒 > 出版 > 大众出版,大众出版,传媒 > 出版 > 大众出版,58
教育出版,3,传媒,出版,教育出版,传媒 > 出版 > 教育出版,教育出版,传媒 > 出版 > 教育出版,35
广告营销,2,传媒,广告营销,,传媒 > 广告营销,广告营销,传媒 > 广告营销 > 广告营销,30
广告媒体,3,传媒,广告营销,广告媒体,传媒 > 广告营销 > 广告媒体,广告媒体,传媒 > 广告营销 > 广告媒体,233
营销代理,3,传媒,广告营销,营销代理,传媒 > 广告营销 > 营销代理,营销代理,传媒 > 广告营销 > 营销代理,270
影视院线,2,传媒,影视院线,,传媒 > 影视院线,影视院线,传媒 > 影视院线 > 影视院线,2
影视动漫制作,3,传媒,影视院线,影视动漫制作,传媒 > 影视院线 > 影视动漫制作,影视动漫制作,传媒 > 影视院线 > 影视动漫制作,269
院线,3,传媒,影视院线,院线,传媒 > 影视院线 > 院线,院线,传媒 > 影视院线 > 院线,9
数字媒体,2,传媒,数字媒体,,传媒 > 数字媒体,数字媒体,传媒 > 数字媒体 > 数字媒体,2
其他数字媒体,3,传媒,数字媒体,其他数字媒体,传媒 > 数字媒体 > 其他数字媒体,其他数字媒体,传媒 > 数字媒体 > 其他数字媒体,112
图片媒体,3,传媒,数字媒体,图片媒体,传媒 > 数字媒体 > 图片媒体,图片媒体,传媒 > 数字媒体 > 图片媒体,1
文字媒体,3,传媒,数字媒体,文字媒体,传媒 > 数字媒体 > 文字媒体,文字媒体,传媒 > 数字媒体 > 文字媒体,8
视频媒体,3,传媒,数字媒体,视频媒体,传媒 > 数字媒体 > 视频媒体,视频媒体,传媒 > 数字媒体 > 视频媒体,22
门户网站,3,传媒,数字媒体,门户网站,传媒 > 数字媒体 > 门户网站,门户网站,传媒 > 数字媒体 > 门户网站,48
音频媒体,3,传媒,数字媒体,音频媒体,传媒 > 数字媒体 > 音频媒体,音频媒体,传媒 > 数字媒体 > 音频媒体,2
游戏,2,传媒,游戏,,传媒 > 游戏,游戏Ⅲ,传媒 > 游戏Ⅱ > 游戏Ⅲ,88
电视广播,2,传媒,电视广播,,传媒 > 电视广播,电视广播Ⅲ,传媒 > 电视广播Ⅱ > 电视广播Ⅲ,62
社交,2,传媒,社交,,传媒 > 社交,社交Ⅲ,传媒 > 社交Ⅱ > 社交Ⅲ,10
公用事业,1,公用事业,,,公用事业,公用事业,公用事业 > 公用事业 > 公用事业,9
燃气,2,公用事业,燃气,,公用事业 > 燃气,燃气Ⅱ|燃气Ⅲ,公用事业 > 燃气Ⅱ > 燃气Ⅱ|公用事业 > 燃气Ⅱ > 燃气Ⅲ,244
电力,2,公用事业,电力,,公用事业 > 电力,电力,公用事业 > 电力 > 电力,196
光伏发电,3,公用事业,电力,光伏发电,公用事业 > 电力 > 光伏发电,光伏发电,公用事业 > 电力 > 光伏发电,314
其他能源发电,3,公用事业,电力,其他能源发电,公用事业 > 电力 > 其他能源发电,其他能源发电,公用事业 > 电力 > 其他能源发电,120
核力发电,3,公用事业,电力,核力发电,公用事业 > 电力 > 核力发电,核力发电,公用事业 > 电力 > 核力发电,19
水力发电,3,公用事业,电力,水力发电,公用事业 > 电力 > 水力发电,水力发电,公用事业 > 电力 > 水力发电,115
火力发电,3,公用事业,电力,火力发电,公用事业 > 电力 > 火力发电,火力发电,公用事业 > 电力 > 火力发电,184
热力服务,3,公用事业,电力,热力服务,公用事业 > 电力 > 热力服务,热力服务,公用事业 > 电力 > 热力服务,228
电能综合服务,3,公用事业,电力,电能综合服务,公用事业 > 电力 > 电能综合服务,电能综合服务,公用事业 > 电力 > 电能综合服务,109
风力发电,3,公用事业,电力,风力发电,公用事业 > 电力 > 风力发电,风力发电,公用事业 > 电力 > 风力发电,165
农林牧渔,1,农林牧渔,,,农林牧渔,农林牧渔,农林牧渔 > 农林牧渔 > 农林牧渔,9
养殖业,2,农林牧渔,养殖业,,农林牧渔 > 养殖业,养殖业,农林牧渔 > 养殖业 > 养殖业,9
其他养殖,3,农林牧渔,养殖业,其他养殖,农林牧渔 > 养殖业 > 其他养殖,其他养殖,农林牧渔 > 养殖业 > 其他养殖,60
生猪养殖,3,农林牧渔,养殖业,生猪养殖,农林牧渔 > 养殖业 > 生猪养殖,生猪养殖,农林牧渔 > 养殖业 > 生猪养殖,69
肉鸡养殖,3,农林牧渔,养殖业,肉鸡养殖,农林牧渔 > 养殖业 > 肉鸡养殖,肉鸡养殖,农林牧渔 > 养殖业 > 肉鸡养殖,28
农业综合,2,农林牧渔,农业综合,,农林牧渔 > 农业综合,农业综合Ⅲ,农林牧渔 > 农业综合Ⅱ > 农业综合Ⅲ,109
农产品加工,2,农林牧渔,农产品加工,,农林牧渔 > 农产品加工,农产品加工,农林牧渔 > 农产品加工 > 农产品加工,22
其他农产品加工,3,农林牧渔,农产品加工,其他农产品加工,农林牧渔 > 农产品加工 > 其他农产品加工,其他农产品加工,农林牧渔 > 农产品加工 > 其他农产品加工,151
果蔬加工,3,农林牧渔,农产品加工,果蔬加工,农林牧渔 > 农产品加工 > 果蔬加工,果蔬加工,农林牧渔 > 农产品加工 > 果蔬加工,42
粮油加工,3,农林牧渔,农产品加工,粮油加工,农林牧渔 > 农产品加工 > 粮油加工,粮油加工,农林牧渔 > 农产品加工 > 粮油加工,70
动物保健,2,农林牧渔,动物保健,,农林牧渔 > 动物保健,动物保健Ⅲ,农林牧渔 > 动物保健Ⅱ > 动物保健Ⅲ,36
林业,2,农林牧渔,林业,,农林牧渔 > 林业,林业Ⅲ,农林牧渔 > 林业Ⅱ > 林业Ⅲ,83
渔业,2,农林牧渔,渔业,,农林牧渔 > 渔业,渔业,农林牧渔 > 渔业 > 渔业,2
水产养殖,3,农林牧渔,渔业,水产养殖,农林牧渔 > 渔业 > 水产养殖,水产养殖,农林牧渔 > 渔业 > 水产养殖,34
海洋捕捞,3,农林牧渔,渔业,海洋捕捞,农林牧渔 > 渔业 > 海洋捕捞,海洋捕捞,农林牧渔 > 渔业 > 海洋捕捞,10
种植业,2,农林牧渔,种植业,,农林牧渔 > 种植业,种植业,农林牧渔 > 种植业 > 种植业,9
其他种植业,3,农林牧渔,种植业,其他种植业,农林牧渔 > 种植业 > 其他种植业,其他种植业,农林牧渔 > 种植业 > 其他种植业,109
种子,3,农林牧渔,种植业,种子,农林牧渔 > 种植业 > 种子,种子,农林牧渔 > 种植业 > 种子,61
粮食种植,3,农林牧渔,种植业,粮食种植,农林牧渔 > 种植业 > 粮食种植,粮食种植,农林牧渔 > 种植业 > 粮食种植,15
食用菌,3,农林牧渔,种植业,食用菌,农林牧渔 > 种植业 > 食用菌,食用菌,农林牧渔 > 种植业 > 食用菌,11
饲料,2,农林牧渔,饲料,,农林牧渔 > 饲料,饲料,农林牧渔 > 饲料 > 饲料,26
宠物食品,3,农林牧渔,饲料,宠物食品,农林牧渔 > 饲料 > 宠物食品,宠物食品,农林牧渔 > 饲料 > 宠物食品,8
水产饲料,3,农林牧渔,饲料,水产饲料,农林牧渔 > 饲料 > 水产饲料,水产饲料,农林牧渔 > 饲料 > 水产饲料,10
畜禽饲料,3,农林牧渔,饲料,畜禽饲料,农林牧渔 > 饲料 > 畜禽饲料,畜禽饲料,农林牧渔 > 饲料 > 畜禽饲料,78
医药生物,1,医药生物,,,医药生物,医药生物,医药生物 > 医药生物 > 医药生物,43
中药,2,医药生物,中药,,医药生物 > 中药,中药Ⅲ,医药生物 > 中药Ⅱ > 中药Ⅲ,240
化学制药,2,医药生物,化学制药,,医药生物 > 化学制药,化学制药,医药生物 > 化学制药 > 化学制药,104
化学制剂,3,医药生物,化学制药,化学制剂,医药生物 > 化学制药 > 化学制剂,化学制剂,医药生物 > 化学制药 > 化学制剂,347
原料药,3,医药生物,化学制药,原料药,医药生物 > 化学制药 > 原料药,原料药,医药生物 > 化学制药 > 原料药,157
医疗器械,2,医药生物,医疗器械,,医药生物 > 医疗器械,医疗器械,医药生物 > 医疗器械 > 医疗器械,27
体外诊断,3,医药生物,医疗器械,体外诊断,医药生物 > 医疗器械 > 体外诊断,体外诊断,医药生物 > 医疗器械 > 体外诊断,59
医疗耗材,3,医药生物,医疗器械,医疗耗材,医药生物 > 医疗器械 > 医疗耗材,医疗耗材,医药生物 > 医疗器械 > 医疗耗材,107
医疗设备,3,医药生物,医疗器械,医疗设备,医药生物 > 医疗器械 > 医疗设备,医疗设备,医药生物 > 医疗器械 > 医疗设备,453
医疗服务,2,医药生物,医疗服务,,医药生物 > 医疗服务,医疗服务,医药生物 > 医疗服务 > 医疗服务,5
其他医疗服务,3,医药生物,医疗服务,其他医疗服务,医药生物 > 医疗服务 > 其他医疗服务,其他医疗服务,医药生物 > 医疗服务 > 其他医疗服务,138
医疗研发外包,3,医药生物,医疗服务,医疗研发外包,医药生物 > 医疗服务 > 医疗研发外包,医疗研发外包,医药生物 > 医疗服务 > 医疗研发外包,41
医院,3,医药生物,医疗服务,医院,医药生物 > 医疗服务 > 医院,医院,医药生物 > 医疗服务 > 医院,159
诊断服务,3,医药生物,医疗服务,诊断服务,医药生物 > 医疗服务 > 诊断服务,诊断服务,医药生物 > 医疗服务 > 诊断服务,37
医药商业,2,医药生物,医药商业,,医药生物 > 医药商业,医药商业,医药生物 > 医药商业 > 医药商业,23
互联网药店,3,医药生物,医药商业,互联网药店,医药生物 > 医药商业 > 互联网药店,互联网药店,医药生物 > 医药商业 > 互联网药店,10
医药流通,3,医药生物,医药商业,医药流通,医药生物 > 医药商业 > 医药流通,医药流通,医药生物 > 医药商业 > 医药流通,190
线下药店,3,医药生物,医药商业,线下药店,医药生物 > 医药商业 > 线下药店,线下药店,医药生物 > 医药商业 > 线下药店,13
生物制品,2,医药生物,生物制品,,医药生物 > 生物制品,生物制品,医药生物 > 生物制品 > 生物制品,4
其他生物制品,3,医药生物,生物制品,其他生物制品,医药生物 > 生物制品 > 其他生物制品,其他生物制品,医药生物 > 生物制品 > 其他生物制品,317
疫苗,3,医药生物,生物制品,疫苗,医药生物 > 生物制品 > 疫苗,疫苗,医药生物 > 生物制品 > 疫苗,24
血液制品,3,医药生物,生物制品,血液制品,医药生物 > 生物制品 > 血液制品,血液制品,医药生物 > 生物制品 > 血液制品,9
商贸零售,1,商贸零售,,,商贸零售,商贸零售,商贸零售 > 商贸零售 > 商贸零售,15
一般零售,2,商贸零售,一般零售,,商贸零售 > 一般零售,一般零售,商贸零售 > 一般零售 > 一般零售,34
商业物业经营,3,商贸零售,一般零售,商业物业经营,商贸零售 > 一般零售 > 商业物业经营,商业物业经营,商贸零售 > 一般零售 > 商业物业经营,103
多业态零售,3,商贸零售,一般零售,多业态零售,商贸零售 > 一般零售 > 多业态零售,多业态零售,商贸零售 > 一般零售 > 多业态零售,144
百货,3,商贸零售,一般零售,百货,商贸零售 > 一般零售 > 百货,百货,商贸零售 > 一般零售 > 百货,81
超市,3,商贸零售,一般零售,超市,商贸零售 > 一般零售 > 超市,超市,商贸零售 > 一般零售 > 超市,35
专业连锁,2,商贸零售,专业连锁,,商贸零售 > 专业连锁,专业连锁Ⅱ|专业连锁Ⅲ,商贸零售 > 专业连锁Ⅱ > 专业连锁Ⅱ|商贸零售 > 专业连锁Ⅱ > 专业连锁Ⅲ,125
互联网电商,2,商贸零售,互联网电商,,商贸零售 > 互联网电商,互联网电商,商贸零售 > 互联网电商 > 互联网电商,9
电商服务,3,商贸零售,互联网电商,电商服务,商贸零售 > 互联网电商 > 电商服务,电商服务,商贸零售 > 互联网电商 > 电商服务,45
综合电商,3,商贸零售,互联网电商,综合电商,商贸零售 > 互联网电商 > 综合电商,综合电商,商贸零售 > 互联网电商 > 综合电商,16
跨境电商,3,商贸零售,互联网电商,跨境电商,商贸零售 > 互联网电商 > 跨境电商,跨境电商,商贸零售 > 互联网电商 > 跨境电商,10
旅游零售,2,商贸零售,旅游零售,,商贸零售 > 旅游零售,旅游零售Ⅲ,商贸零售 > 旅游零售Ⅱ > 旅游零售Ⅲ,17
贸易,2,商贸零售,贸易,,商贸零售 > 贸易,贸易Ⅲ,商贸零售 > 贸易Ⅱ > 贸易Ⅲ,1003
国防军工,1,国防军工,,,国防军工,国防军工,国防军工 > 国防军工 > 国防军工,2
军工电子,2,国防军工,军工电子,,国防军工 > 军工电子,军工电子Ⅲ,国防军工 > 军工电子Ⅱ > 军工电子Ⅲ,70
地面兵装,2,国防军工,地面兵装,,国防军工 > 地面兵装,地面兵装Ⅲ,国防军工 > 地面兵装Ⅱ > 地面兵装Ⅲ,14
航天装备,2,国防军工,航天装备,,国防军工 > 航天装备,航天装备Ⅲ,国防军工 > 航天装备Ⅱ > 航天装备Ⅲ,33
航海装备,2,国防军工,航海装备,,国防军工 > 航海装备,航海装备Ⅲ,国防军工 > 航海装备Ⅱ > 航海装备Ⅲ,69
航空装备,2,国防军工,航空装备,,国防军工 > 航空装备,航空装备Ⅲ,国防军工 > 航空装备Ⅱ > 航空装备Ⅲ,132
基础化工,1,基础化工,,,基础化工,基础化工,基础化工 > 基础化工 > 基础化工,29
农化制品,2,基础化工,农化制品,,基础化工 > 农化制品,农化制品,基础化工 > 农化制品 > 农化制品,10
农药,3,基础化工,农化制品,农药,基础化工 > 农化制品 > 农药,农药,基础化工 > 农化制品 > 农药,80
复合肥,3,基础化工,农化制品,复合肥,基础化工 > 农化制品 > 复合肥,复合肥,基础化工 > 农化制品 > 复合肥,68
氮肥,3,基础化工,农化制品,氮肥,基础化工 > 农化制品 > 氮肥,氮肥,基础化工 > 农化制品 > 氮肥,11
磷肥及磷化工,3,基础化工,农化制品,磷肥及磷化工,基础化工 > 农化制品 > 磷肥及磷化工,磷肥及磷化工,基础化工 > 农化制品 > 磷肥及磷化工,21
钾肥,3,基础化工,农化制品,钾肥,基础化工 > 农化制品 > 钾肥,钾肥,基础化工 > 农化制品 > 钾肥,8
化学制品,2,基础化工,化学制品,,基础化工 > 化学制品,化学制品,基础化工 > 化学制品 > 化学制品,83
其他化学制品,3,基础化工,化学制品,其他化学制品,基础化工 > 化学制品 > 其他化学制品,其他化学制品,基础化工 > 化学制品 > 其他化学制品,669
有机硅,3,基础化工,化学制品,有机硅,基础化工 > 化学制品 > 有机硅,有机硅,基础化工 > 化学制品 > 有机硅,12
民爆制品,3,基础化工,化学制品,民爆制品,基础化工 > 化学制品 > 民爆制品,民爆制品,基础化工 > 化学制品 > 民爆制品,22
氟化工,3,基础化工,化学制品,氟化工,基础化工 > 化学制品 > 氟化工,氟化工,基础化工 > 化学制品 > 氟化工,18
涂料油墨,3,基础化工,化学制品,涂料油墨,基础化工 > 化学制品 > 涂料油墨,涂料油墨,基础化工 > 化学制品 > 涂料油墨,116
纺织化学制品,3,基础化工,化学制品,纺织化学制品,基础化工 > 化学制品 > 纺织化学制品,纺织化学制品,基础化工 > 化学制品 > 纺织化学制品,23
聚氨酯,3,基础化工,化学制品,聚氨酯,基础化工 > 化学制品 > 聚氨酯,聚氨酯,基础化工 > 化学制品 > 聚氨酯,18
胶黏剂及胶带,3,基础化工,化学制品,胶黏剂及胶带,基础化工 > 化学制品 > 胶黏剂及胶带,胶黏剂及胶带,基础化工 > 化学制品 > 胶黏剂及胶带,5
食品及饲料添加剂,3,基础化工,化学制品,食品及饲料添加剂,基础化工 > 化学制品 > 食品及饲料添加剂,食品及饲料添加剂,基础化工 > 化学制品 > 食品及饲料添加剂,42
化学原料,2,基础化工,化学原料,,基础化工 > 化学原料,化学原料,基础化工 > 化学原料 > 化学原料,25
其他化学原料,3,基础化工,化学原料,其他化学原料,基础化工 > 化学原料 > 其他化学原料,其他化学原料,基础化工 > 化学原料 > 其他化学原料,150
无机盐,3,基础化工,化学原料,无机盐,基础化工 > 化学原料 > 无机盐,无机盐,基础化工 > 化学原料 > 无机盐,34
氯碱,3,基础化工,化学原料,氯碱,基础化工 > 化学原料 > 氯碱,氯碱,基础化工 > 化学原料 > 氯碱,22
煤化工,3,基础化工,化学原料,煤化工,基础化工 > 化学原料 > 煤化工,煤化工,基础化工 > 化学原料 > 煤化工,19
纯碱,3,基础化工,化学原料,纯碱,基础化工 > 化学原料 > 纯碱,纯碱,基础化工 > 化学原料 > 纯碱,10
钛白粉,3,基础化工,化学原料,钛白粉,基础化工 > 化学原料 > 钛白粉,钛白粉,基础化工 > 化学原料 > 钛白粉,10
化学纤维,2,基础化工,化学纤维,,基础化工 > 化学纤维,化学纤维,基础化工 > 化学纤维 > 化学纤维,15
其他化学纤维,3,基础化工,化学纤维,其他化学纤维,基础化工 > 化学纤维 > 其他化学纤维,其他化学纤维,基础化工 > 化学纤维 > 其他化学纤维,50
氨纶,3,基础化工,化学纤维,氨纶,基础化工 > 化学纤维 > 氨纶,氨纶,基础化工 > 化学纤维 > 氨纶,8
涤纶,3,基础化工,化学纤维,涤纶,基础化工 > 化学纤维 > 涤纶,涤纶,基础化工 > 化学纤维 > 涤纶,34
粘胶,3,基础化工,化学纤维,粘胶,基础化工 > 化学纤维 > 粘胶,粘胶,基础化工 > 化学纤维 > 粘胶,12
锦纶,3,基础化工,化学纤维,锦纶,基础化工 > 化学纤维 > 锦纶,锦纶,基础化工 > 化学纤维 > 锦纶,8
塑料,2,基础化工,塑料,,基础化工 > 塑料,塑料,基础化工 > 塑料 > 塑料,30
其他塑料制品,3,基础化工,塑料,其他塑料制品,基础化工 > 塑料 > 其他塑料制品,其他塑料制品,基础化工 > 塑料 > 其他塑料制品,282
合成树脂,3,基础化工,塑料,合成树脂,基础化工 > 塑料 > 合成树脂,合成树脂,基础化工 > 塑料 > 合成树脂,21
改性塑料,3,基础化工,塑料,改性塑料,基础化工 > 塑料 > 改性塑料,改性塑料,基础化工 > 塑料 > 改性塑料,65
膜材料,3,基础化工,塑料,膜材料,基础化工 > 塑料 > 膜材料,膜材料,基础化工 > 塑料 > 膜材料,37
橡胶,2,基础化工,橡胶,,基础化工 > 橡胶,橡胶,基础化工 > 橡胶 > 橡胶,9
其他橡胶制品,3,基础化工,橡胶,其他橡胶制品,基础化工 > 橡胶 > 其他橡胶制品,其他橡胶制品,基础化工 > 橡胶 > 其他橡胶制品,74
橡胶助剂,3,基础化工,橡胶,橡胶助剂,基础化工 > 橡胶 > 橡胶助剂,橡胶助剂,基础化工 > 橡胶 > 橡胶助剂,3
炭黑,3,基础化工,橡胶,炭黑,基础化工 > 橡胶 > 炭黑,炭黑,基础化工 > 橡胶 > 炭黑,9
非金属材料,2,基础化工,非金属材料,,基础化工 > 非金属材料,非金属材料Ⅱ|非金属材料Ⅲ,基础化工 > 非金属材料Ⅱ > 非金属材料Ⅱ|基础化工 > 非金属材料Ⅱ > 非金属材料Ⅲ,232
家用电器,1,家用电器,,,家用电器,家用电器,家用电器 > 家用电器 > 家用电器,18
其他家电,2,家用电器,其他家电,,家用电器 > 其他家电,其他家电Ⅲ,家用电器 > 其他家电Ⅱ > 其他家电Ⅲ,11
卫浴电器,3,家用电器,厨卫电器,卫浴电器,家用电器 > 厨卫电器 > 卫浴电器,卫浴电器,家用电器 > 厨卫电器 > 卫浴电器,5
厨房电器,3,家用电器,厨卫电器,厨房电器,家用电器 > 厨卫电器 > 厨房电器,厨房电器,家用电器 > 厨卫电器 > 厨房电器,13
家电零部件,2,家用电器,家电零部件,,家用电器 > 家电零部件,家电零部件Ⅲ,家用电器 > 家电零部件Ⅱ > 家电零部件Ⅲ,69
小家电,2,家用电器,小家电,,家用电器 > 小家电,小家电,家用电器 > 小家电 > 小家电,46
个护小家电,3,家用电器,小家电,个护小家电,家用电器 > 小家电 > 个护小家电,个护小家电,家用电器 > 小家电 > 个护小家电,8
厨房小家电,3,家用电器,小家电,厨房小家电,家用电器 > 小家电 > 厨房小家电,厨房小家电,家用电器 > 小家电 > 厨房小家电,17
清洁小家电,3,家用电器,小家电,清洁小家电,家用电器 > 小家电 > 清洁小家电,清洁小家电,家用电器 > 小家电 > 清洁小家电,10
照明设备,2,家用电器,照明设备,,家用电器 > 照明设备,照明设备Ⅲ,家用电器 > 照明设备Ⅱ > 照明设备Ⅲ,30
白色家电,2,家用电器,白色家电,,家用电器 > 白色家电,白色家电,家用电器 > 白色家电 > 白色家电,11
冰洗,3,家用电器,白色家电,冰洗,家用电器 > 白色家电 > 冰洗,冰洗,家用电器 > 白色家电 > 冰洗,13
空调,3,家用电器,白色家电,空调,家用电器 > 白色家电 > 空调,空调,家用电器 > 白色家电 > 空调,14
黑色家电,2,家用电器,黑色家电,,家用电器 > 黑色家电,黑色家电,家用电器 > 黑色家电 > 黑色家电,1
其他黑色家电,3,家用电器,黑色家电,其他黑色家电,家用电器 > 黑色家电 > 其他黑色家电,其他黑色家电,家用电器 > 黑色家电 > 其他黑色家电,35
彩电,3,家用电器,黑色家电,彩电,家用电器 > 黑色家电 > 彩电,彩电,家用电器 > 黑色家电 > 彩电,9
建筑材料,1,建筑材料,,,建筑材料,建筑材料,建筑材料 > 建筑材料 > 建筑材料,27
水泥制品,3,建筑材料,水泥,水泥制品,建筑材料 > 水泥 > 水泥制品,水泥制品,建筑材料 > 水泥 > 水泥制品,10
水泥制造,3,建筑材料,水泥,水泥制造,建筑材料 > 水泥 > 水泥制造,水泥制造,建筑材料 > 水泥 > 水泥制造,105
玻璃玻纤,2,建筑材料,玻璃玻纤,,建筑材料 > 玻璃玻纤,玻璃玻纤,建筑材料 > 玻璃玻纤 > 玻璃玻纤,1
玻璃制造,3,建筑材料,玻璃玻纤,玻璃制造,建筑材料 > 玻璃玻纤 > 玻璃制造,玻璃制造,建筑材料 > 玻璃玻纤 > 玻璃制造,91
玻纤制造,3,建筑材料,玻璃玻纤,玻纤制造,建筑材料 > 玻璃玻纤 > 玻纤制造,玻纤制造,建筑材料 > 玻璃玻纤 > 玻纤制造,34
装修建材,2,建筑材料,装修建材,,建筑材料 > 装修建材,装修建材,建筑材料 > 装修建材 > 装修建材,6
其他建材,3,建筑材料,装修建材,其他建材,建筑材料 > 装修建材 > 其他建材,其他建材,建筑材料 > 装修建材 > 其他建材,312
涂料,3,建筑材料,装修建材,涂料,建筑材料 > 装修建材 > 涂料,涂料,建筑材料 > 装修建材 > 涂料,3
管材,3,建筑材料,装修建材,管材,建筑材料 > 装修建材 > 管材,管材,建筑材料 > 装修建材 > 管材,68
耐火材料,3,建筑材料,装修建材,耐火材料,建筑材料 > 装修建材 > 耐火材料,耐火材料,建筑材料 > 装修建材 > 耐火材料,50
防水材料,3,建筑材料,装修建材,防水材料,建筑材料 > 装修建材 > 防水材料,防水材料,建筑材料 > 装修建材 > 防水材料,8
建筑装饰,1,建筑装饰,,,建筑装饰,建筑装饰,建筑装饰 > 建筑装饰 > 建筑装饰,57
专业工程,2,建筑装饰,专业工程,,建筑装饰 > 专业工程,专业工程,建筑装饰 > 专业工程 > 专业工程,37
其他专业工程,3,建筑装饰,专业工程,其他专业工程,建筑装饰 > 专业工程 > 其他专业工程,其他专业工程,建筑装饰 > 专业工程 > 其他专业工程,763
化学工程,3,建筑装饰,专业工程,化学工程,建筑装饰 > 专业工程 > 化学工程,化学工程,建筑装饰 > 专业工程 > 化学工程,19
国际工程,3,建筑装饰,专业工程,国际工程,建筑装饰 > 专业工程 > 国际工程,国际工程,建筑装饰 > 专业工程 > 国际工程,15
钢结构,3,建筑装饰,专业工程,钢结构,建筑装饰 > 专业工程 > 钢结构,钢结构,建筑装饰 > 专业工程 > 钢结构,52
基础建设,2,建筑装饰,基础建设,,建筑装饰 > 基础建设,基础建设,建筑装饰 > 基础建设 > 基础建设,763
园林工程,3,建筑装饰,基础建设,园林工程,建筑装饰 > 基础建设 > 园林工程,园林工程,建筑装饰 > 基础建设 > 园林工程,221
基建市政工程,3,建筑装饰,基础建设,基建市政工程,建筑装饰 > 基础建设 > 基建市政工程,基建市政工程,建筑装饰 > 基础建设 > 基建市政工程,2676
工程咨询服务,2,建筑装饰,工程咨询服务,,建筑装饰 > 工程咨询服务,工程咨询服务Ⅱ|工程咨询服务Ⅲ,建筑装饰 > 工程咨询服务Ⅱ > 工程咨询服务Ⅱ|建筑装饰 > 工程咨询服务Ⅱ > 工程咨询服务Ⅲ,103
房屋建设,2,建筑装饰,房屋建设,,建筑装饰 > 房屋建设,房屋建设Ⅱ|房屋建设Ⅲ,建筑装饰 > 房屋建设Ⅱ > 房屋建设Ⅱ|建筑装饰 > 房屋建设Ⅱ > 房屋建设Ⅲ,398
装修装饰,2,建筑装饰,装修装饰,,建筑装饰 > 装修装饰,装修装饰Ⅱ|装修装饰Ⅲ,建筑装饰 > 装修装饰Ⅱ > 装修装饰Ⅱ|建筑装饰 > 装修装饰Ⅱ > 装修装饰Ⅲ,290
房地产,1,房地产,,,房地产,房地产,房地产 > 房地产 > 房地产,1
房地产开发,2,房地产,房地产开发,,房地产 > 房地产开发,房地产开发,房地产 > 房地产开发 > 房地产开发,182
产业地产,3,房地产,房地产开发,产业地产,房地产 > 房地产开发 > 产业地产,产业地产,房地产 > 房地产开发 > 产业地产,90
住宅开发,3,房地产,房地产开发,住宅开发,房地产 > 房地产开发 > 住宅开发,住宅开发,房地产 > 房地产开发 > 住宅开发,386
商业地产,3,房地产,房地产开发,商业地产,房地产 > 房地产开发 > 商业地产,商业地产,房地产 > 房地产开发 > 商业地产,223
房地产服务,2,房地产,房地产服务,,房地产 > 房地产服务,房地产服务,房地产 > 房地产服务 > 房地产服务,11
房产租赁经纪,3,房地产,房地产服务,房产租赁经纪,房地产 > 房地产服务 > 房产租赁经纪,房产租赁经纪,房地产 > 房地产服务 > 房产租赁经纪,90
房地产综合服务,3,房地产,房地产服务,房地产综合服务,房地产 > 房地产服务 > 房地产综合服务,房地产综合服务,房地产 > 房地产服务 > 房地产综合服务,129
物业管理,3,房地产,房地产服务,物业管理,房地产 > 房地产服务 > 物业管理,物业管理,房地产 > 房地产服务 > 物业管理,221
有色金属,1,有色金属,,,有色金属,有色金属,有色金属 > 有色金属 > 有色金属,19
小金属,2,有色金属,小金属,,有色金属 > 小金属,小金属,有色金属 > 小金属 > 小金属,3
其他小金属,3,有色金属,小金属,其他小金属,有色金属 > 小金属 > 其他小金属,其他小金属,有色金属 > 小金属 > 其他小金属,57
稀土,3,有色金属,小金属,稀土,有色金属 > 小金属 > 稀土,稀土,有色金属 > 小金属 > 稀土,23
钨,3,有色金属,小金属,钨,有色金属 > 小金属 > 钨,钨,有色金属 > 小金属 > 钨,12
钼,3,有色金属,小金属,钼,有色金属 > 小金属 > 钼,钼,有色金属 > 小金属 > 钼,8
工业金属,2,有色金属,工业金属,,有色金属 > 工业金属,工业金属,有色金属 > 工业金属 > 工业金属,38
铅锌,3,有色金属,工业金属,铅锌,有色金属 > 工业金属 > 铅锌,铅锌,有色金属 > 工业金属 > 铅锌,28
铜,3,有色金属,工业金属,铜,有色金属 > 工业金属 > 铜,铜,有色金属 > 工业金属 > 铜,91
铝,3,有色金属,工业金属,铝,有色金属 > 工业金属 > 铝,铝,有色金属 > 工业金属 > 铝,161
钴,3,有色金属,能源金属,钴,有色金属 > 能源金属 > 钴,钴,有色金属 > 能源金属 > 钴,3
锂,3,有色金属,能源金属,锂,有色金属 > 能源金属 > 锂,锂,有色金属 > 能源金属 > 锂,20
镍,3,有色金属,能源金属,镍,有色金属 > 能源金属 > 镍,镍,有色金属 > 能源金属 > 镍,10
贵金属,2,有色金属,贵金属,,有色金属 > 贵金属,贵金属,有色金属 > 贵金属 > 贵金属,1
白银,3,有色金属,贵金属,白银,有色金属 > 贵金属 > 白银,白银,有色金属 > 贵金属 > 白银,1
黄金,3,有色金属,贵金属,黄金,有色金属 > 贵金属 > 黄金,黄金,有色金属 > 贵金属 > 黄金,51
金属新材料,2,有色金属,金属新材料,,有色金属 > 金属新材料,金属新材料,有色金属 > 金属新材料 > 金属新材料,17
其他金属新材料,3,有色金属,金属新材料,其他金属新材料,有色金属 > 金属新材料 > 其他金属新材料,其他金属新材料,有色金属 > 金属新材料 > 其他金属新材料,122
磁性材料,3,有色金属,金属新材料,磁性材料,有色金属 > 金属新材料 > 磁性材料,磁性材料,有色金属 > 金属新材料 > 磁性材料,46
机械设备,1,机械设备,,,机械设备,机械设备,机械设备 > 机械设备 > 机械设备,45
专用设备,2,机械设备,专用设备,,机械设备 > 专用设备,专用设备,机械设备 > 专用设备 > 专用设备,110
其他专用设备,3,机械设备,专用设备,其他专用设备,机械设备 > 专用设备 > 其他专用设备,其他专用设备,机械设备 > 专用设备 > 其他专用设备,807
农用机械,3,机械设备,专用设备,农用机械,机械设备 > 专用设备 > 农用机械,农用机械,机械设备 > 专用设备 > 农用机械,82
印刷包装机械,3,机械设备,专用设备,印刷包装机械,机械设备 > 专用设备 > 印刷包装机械,印刷包装机械,机械设备 > 专用设备 > 印刷包装机械,47
楼宇设备,3,机械设备,专用设备,楼宇设备,机械设备 > 专用设备 > 楼宇设备,楼宇设备,机械设备 > 专用设备 > 楼宇设备,63
纺织服装设备,3,机械设备,专用设备,纺织服装设备,机械设备 > 专用设备 > 纺织服装设备,纺织服装设备,机械设备 > 专用设备 > 纺织服装设备,46
能源及重型设备,3,机械设备,专用设备,能源及重型设备,机械设备 > 专用设备 > 能源及重型设备,能源及重型设备,机械设备 > 专用设备 > 能源及重型设备,262
工程机械,2,机械设备,工程机械,,机械设备 > 工程机械,工程机械,机械设备 > 工程机械 > 工程机械,80
工程机械器件,3,机械设备,工程机械,工程机械器件,机械设备 > 工程机械 > 工程机械器件,工程机械器件,机械设备 > 工程机械 > 工程机械器件,59
工程机械整机,3,机械设备,工程机械,工程机械整机,机械设备 > 工程机械 > 工程机械整机,工程机械整机,机械设备 > 工程机械 > 工程机械整机,38
自动化设备,2,机械设备,自动化设备,,机械设备 > 自动化设备,自动化设备,机械设备 > 自动化设备 > 自动化设备,1
其他自动化设备,3,机械设备,自动化设备,其他自动化设备,机械设备 > 自动化设备 > 其他自动化设备,其他自动化设备,机械设备 > 自动化设备 > 其他自动化设备,54
工控设备,3,机械设备,自动化设备,工控设备,机械设备 > 自动化设备 > 工控设备,工控设备,机械设备 > 自动化设备 > 工控设备,42
机器人,3,机械设备,自动化设备,机器人,机械设备 > 自动化设备 > 机器人,机器人,机械设备 > 自动化设备 > 机器人,69
激光设备,3,机械设备,自动化设备,激光设备,机械设备 > 自动化设备 > 激光设备,激光设备,机械设备 > 自动化设备 > 激光设备,16
轨交设备,2,机械设备,轨交设备,,机械设备 > 轨交设备,轨交设备Ⅲ,机械设备 > 轨交设备Ⅱ > 轨交设备Ⅲ,103
通用设备,2,机械设备,通用设备,,机械设备 > 通用设备,通用设备,机械设备 > 通用设备 > 通用设备,90
仪器仪表,3,机械设备,通用设备,仪器仪表,机械设备 > 通用设备 > 仪器仪表,仪器仪表,机械设备 > 通用设备 > 仪器仪表,336
其他通用设备,3,机械设备,通用设备,其他通用设备,机械设备 > 通用设备 > 其他通用设备,其他通用设备,机械设备 > 通用设备 > 其他通用设备,480
制冷空调设备,3,机械设备,通用设备,制冷空调设备,机械设备 > 通用设备 > 制冷空调设备,制冷空调设备,机械设备 > 通用设备 > 制冷空调设备,78
机床工具,3,机械设备,通用设备,机床工具,机械设备 > 通用设备 > 机床工具,机床工具,机械设备 > 通用设备 > 机床工具,171
磨具磨料,3,机械设备,通用设备,磨具磨料,机械设备 > 通用设备 > 磨具磨料,磨具磨料,机械设备 > 通用设备 > 磨具磨料,22
金属制品,3,机械设备,通用设备,金属制品,机械设备 > 通用设备 > 金属制品,金属制品,机械设备 > 通用设备 > 金属制品,518
汽车,1,汽车,,,汽车,汽车,汽车 > 汽车 > 汽车,10
乘用车,2,汽车,乘用车,,汽车 > 乘用车,乘用车,汽车 > 乘用车 > 乘用车,15
电动乘用车,3,汽车,乘用车,电动乘用车,汽车 > 乘用车 > 电动乘用车,电动乘用车,汽车 > 乘用车 > 电动乘用车,20
综合乘用车,3,汽车,乘用车,综合乘用车,汽车 > 乘用车 > 综合乘用车,综合乘用车,汽车 > 乘用车 > 综合乘用车,23
商用车,2,汽车,商用车,,汽车 > 商用车,商用车,汽车 > 商用车 > 商用车,1
商用载客车,3,汽车,商用车,商用载客车,汽车 > 商用车 > 商用载客车,商用载客车,汽车 > 商用车 > 商用载客车,12
商用载货车,3,汽车,商用车,商用载货车,汽车 > 商用车 > 商用载货车,商用载货车,汽车 > 商用车 > 商用载货车,21
摩托车及其他,2,汽车,摩托车及其他,,汽车 > 摩托车及其他,摩托车及其他,汽车 > 摩托车及其他 > 摩托车及其他,2
其他运输设备,3,汽车,摩托车及其他,其他运输设备,汽车 > 摩托车及其他 > 其他运输设备,其他运输设备,汽车 > 摩托车及其他 > 其他运输设备,38
摩托车,3,汽车,摩托车及其他,摩托车,汽车 > 摩托车及其他 > 摩托车,摩托车,汽车 > 摩托车及其他 > 摩托车,15
汽车服务,2,汽车,汽车服务,,汽车 > 汽车服务,汽车服务,汽车 > 汽车服务 > 汽车服务,7
汽车经销商,3,汽车,汽车服务,汽车经销商,汽车 > 汽车服务 > 汽车经销商,汽车经销商,汽车 > 汽车服务 > 汽车经销商,67
汽车综合服务,3,汽车,汽车服务,汽车综合服务,汽车 > 汽车服务 > 汽车综合服务,汽车综合服务,汽车 > 汽车服务 > 汽车综合服务,128
汽车零部件,2,汽车,汽车零部件,,汽车 > 汽车零部件,汽车零部件,汽车 > 汽车零部件 > 汽车零部件,33
其他汽车零部件,3,汽车,汽车零部件,其他汽车零部件,汽车 > 汽车零部件 > 其他汽车零部件,其他汽车零部件,汽车 > 汽车零部件 > 其他汽车零部件,543
底盘与发动机系统,3,汽车,汽车零部件,底盘与发动机系统,汽车 > 汽车零部件 > 底盘与发动机系统,底盘与发动机系统,汽车 > 汽车零部件 > 底盘与发动机系统,142
汽车电子电气系统,3,汽车,汽车零部件,汽车电子电气系统,汽车 > 汽车零部件 > 汽车电子电气系统,汽车电子电气系统,汽车 > 汽车零部件 > 汽车电子电气系统,63
车身附件及饰件,3,汽车,汽车零部件,车身附件及饰件,汽车 > 汽车零部件 > 车身附件及饰件,车身附件及饰件,汽车 > 汽车零部件 > 车身附件及饰件,73
轮胎轮毂,3,汽车,汽车零部件,轮胎轮毂,汽车 > 汽车零部件 > 轮胎轮毂,轮胎轮毂,汽车 > 汽车零部件 > 轮胎轮毂,49
煤炭,1,煤炭,,,煤炭,煤炭,煤炭 > 煤炭 > 煤炭,5
焦炭,2,煤炭,焦炭,,煤炭 > 焦炭,焦炭Ⅲ,煤炭 > 焦炭Ⅱ > 焦炭Ⅲ,34
煤炭开采,2,煤炭,煤炭开采,,煤炭 > 煤炭开采,煤炭开采,煤炭 > 煤炭开采 > 煤炭开采,79
动力煤,3,煤炭,煤炭开采,动力煤,煤炭 > 煤炭开采 > 动力煤,动力煤,煤炭 > 煤炭开采 > 动力煤,48
焦煤,3,煤炭,煤炭开采,焦煤,煤炭 > 煤炭开采 > 焦煤,焦煤,煤炭 > 煤炭开采 > 焦煤,107
环保,1,环保,,,环保,环保,环保 > 环保 > 环保,2
环保设备,2,环保,环保设备,,环保 > 环保设备,环保设备Ⅱ|环保设备Ⅲ,环保 > 环保设备Ⅱ > 环保设备Ⅱ|环保 > 环保设备Ⅱ > 环保设备Ⅲ,296
环境治理,2,环保,环境治理,,环保 > 环境治理,环境治理,环保 > 环境治理 > 环境治理,12
固废治理,3,环保,环境治理,固废治理,环保 > 环境治理 > 固废治理,固废治理,环保 > 环境治理 > 固废治理,195
大气治理,3,环保,环境治理,大气治理,环保 > 环境治理 > 大气治理,大气治理,环保 > 环境治理 > 大气治理,43
水务及水治理,3,环保,环境治理,水务及水治理,环保 > 环境治理 > 水务及水治理,水务及水治理,环保 > 环境治理 > 水务及水治理,681
综合环境治理,3,环保,环境治理,综合环境治理,环保 > 环境治理 > 综合环境治理,综合环境治理,环保 > 环境治理 > 综合环境治理,200
电力设备,1,电力设备,,,电力设备,电力设备,电力设备 > 电力设备 > 电力设备,43
光伏设备,2,电力设备,光伏设备,,电力设备 > 光伏设备,光伏设备,电力设备 > 光伏设备 > 光伏设备,101
光伏加工设备,3,电力设备,光伏设备,光伏加工设备,电力设备 > 光伏设备 > 光伏加工设备,光伏加工设备,电力设备 > 光伏设备 > 光伏加工设备,20
光伏电池组件,3,电力设备,光伏设备,光伏电池组件,电力设备 > 光伏设备 > 光伏电池组件,光伏电池组件,电力设备 > 光伏设备 > 光伏电池组件,39
光伏辅材,3,电力设备,光伏设备,光伏辅材,电力设备 > 光伏设备 > 光伏辅材,光伏辅材,电力设备 > 光伏设备 > 光伏辅材,24
硅料硅片,3,电力设备,光伏设备,硅料硅片,电力设备 > 光伏设备 > 硅料硅片,硅料硅片,电力设备 > 光伏设备 > 硅料硅片,13
逆变器,3,电力设备,光伏设备,逆变器,电力设备 > 光伏设备 > 逆变器,逆变器,电力设备 > 光伏设备 > 逆变器,10
其他电源设备,2,电力设备,其他电源设备,,电力设备 > 其他电源设备,其他电源设备Ⅱ|其他电源设备Ⅲ,电力设备 > 其他电源设备Ⅱ > 其他电源设备Ⅱ|电力设备 > 其他电源设备Ⅱ > 其他电源设备Ⅲ,473
火电设备,3,电力设备,其他电源设备,火电设备,电力设备 > 其他电源设备 > 火电设备,火电设备,电力设备 > 其他电源设备Ⅱ > 火电设备,4
综合电力设备商,3,电力设备,其他电源设备,综合电力设备商,电力设备 > 其他电源设备 > 综合电力设备商,综合电力设备商,电力设备 > 其他电源设备Ⅱ > 综合电力设备商,26
电机,2,电力设备,电机,,电力设备 > 电机,电机Ⅱ|电机Ⅲ,电力设备 > 电机Ⅱ > 电机Ⅱ|电力设备 > 电机Ⅱ > 电机Ⅲ,133
电池,2,电力设备,电池,,电力设备 > 电池,电池,电力设备 > 电池 > 电池,9
燃料电池,3,电力设备,电池,燃料电池,电力设备 > 电池 > 燃料电池,燃料电池,电力设备 > 电池 > 燃料电池,7
电池化学品,3,电力设备,电池,电池化学品,电力设备 > 电池 > 电池化学品,电池化学品,电力设备 > 电池 > 电池化学品,51
蓄电池及其他电池,3,电力设备,电池,蓄电池及其他电池,电力设备 > 电池 > 蓄电池及其他电池,蓄电池及其他电池,电力设备 > 电池 > 蓄电池及其他电池,23
锂电专用设备,3,电力设备,电池,锂电专用设备,电力设备 > 电池 > 锂电专用设备,锂电专用设备,电力设备 > 电池 > 锂电专用设备,29
锂电池,3,电力设备,电池,锂电池,电力设备 > 电池 > 锂电池,锂电池,电力设备 > 电池 > 锂电池,76
电网设备,2,电力设备,电网设备,,电力设备 > 电网设备,电网设备,电力设备 > 电网设备 > 电网设备,2
电工仪器仪表,3,电力设备,电网设备,电工仪器仪表,电力设备 > 电网设备 > 电工仪器仪表,电工仪器仪表,电力设备 > 电网设备 > 电工仪器仪表,20
电网自动化设备,3,电力设备,电网设备,电网自动化设备,电力设备 > 电网设备 > 电网自动化设备,电网自动化设备,电力设备 > 电网设备 > 电网自动化设备,65
线缆部件及其他,3,电力设备,电网设备,线缆部件及其他,电力设备 > 电网设备 > 线缆部件及其他,线缆部件及其他,电力设备 > 电网设备 > 线缆部件及其他,264
输变电设备,3,电力设备,电网设备,输变电设备,电力设备 > 电网设备 > 输变电设备,输变电设备,电力设备 > 电网设备 > 输变电设备,71
配电设备,3,电力设备,电网设备,配电设备,电力设备 > 电网设备 > 配电设备,配电设备,电力设备 > 电网设备 > 配电设备,70
风电设备,2,电力设备,风电设备,,电力设备 > 风电设备,风电设备,电力设备 > 风电设备 > 风电设备,28
风电整机,3,电力设备,风电设备,风电整机,电力设备 > 风电设备 > 风电整机,风电整机,电力设备 > 风电设备 > 风电整机,8
风电零部件,3,电力设备,风电设备,风电零部件,电力设备 > 风电设备 > 风电零部件,风电零部件,电力设备 > 风电设备 > 风电零部件,29
电子,1,电子,,,电子,电子,电子 > 电子 > 电子,54
元件,2,电子,元件,,电子 > 元件,元件,电子 > 元件 > 元件,116
印制电路板,3,电子,元件,印制电路板,电子 > 元件 > 印制电路板,印制电路板,电子 > 元件 > 印制电路板,129
被动元件,3,电子,元件,被动元件,电子 > 元件 > 被动元件,被动元件,电子 > 元件 > 被动元件,49
光学光电子,2,电子,光学光电子,,电子 > 光学光电子,光学光电子,电子 > 光学光电子 > 光学光电子,58
LED,3,电子,光学光电子,LED,电子 > 光学光电子 > LED,LED,电子 > 光学光电子 > LED,213
光学元件,3,电子,光学光电子,光学元件,电子 > 光学光电子 > 光学元件,光学元件,电子 > 光学光电子 > 光学元件,128
面板,3,电子,光学光电子,面板,电子 > 光学光电子 > 面板,面板,电子 > 光学光电子 > 面板,121
其他电子,2,电子,其他电子,,电子 > 其他电子,其他电子Ⅱ|其他电子Ⅲ,电子 > 其他电子Ⅱ > 其他电子Ⅱ|电子 > 其他电子Ⅱ > 其他电子Ⅲ,459
半导体,2,电子,半导体,,电子 > 半导体,半导体,电子 > 半导体 > 半导体,29
分立器件,3,电子,半导体,分立器件,电子 > 半导体 > 分立器件,分立器件,电子 > 半导体 > 分立器件,49
半导体材料,3,电子,半导体,半导体材料,电子 > 半导体 > 半导体材料,半导体材料,电子 > 半导体 > 半导体材料,152
半导体设备,3,电子,半导体,半导体设备,电子 > 半导体 > 半导体设备,半导体设备,电子 > 半导体 > 半导体设备,66
数字芯片设计,3,电子,半导体,数字芯片设计,电子 > 半导体 > 数字芯片设计,数字芯片设计,电子 > 半导体 > 数字芯片设计,77
模拟芯片设计,3,电子,半导体,模拟芯片设计,电子 > 半导体 > 模拟芯片设计,模拟芯片设计,电子 > 半导体 > 模拟芯片设计,46
集成电路制造,3,电子,半导体,集成电路制造,电子 > 半导体 > 集成电路制造,集成电路制造,电子 > 半导体 > 集成电路制造,152
集成电路封测,3,电子,半导体,集成电路封测,电子 > 半导体 > 集成电路封测,集成电路封测,电子 > 半导体 > 集成电路封测,16
消费电子,2,电子,消费电子,,电子 > 消费电子,消费电子,电子 > 消费电子 > 消费电子,23
品牌消费电子,3,电子,消费电子,品牌消费电子,电子 > 消费电子 > 品牌消费电子,品牌消费电子,电子 > 消费电子 > 品牌消费电子,19
消费电子零部件及组装,3,电子,消费电子,消费电子零部件及组装,电子 > 消费电子 > 消费电子零部件及组装,消费电子零部件及组装,电子 > 消费电子 > 消费电子零部件及组装,242
电子化学品,2,电子,电子化学品,,电子 > 电子化学品,电子化学品Ⅲ,电子 > 电子化学品Ⅱ > 电子化学品Ⅲ,46
石油石化,1,石油石化,,,石油石化,石油石化,石油石化 > 石油石化 > 石油石化,1
油气及炼化工程,3,石油石化,油服工程,油气及炼化工程,石油石化 > 油服工程 > 油气及炼化工程,油气及炼化工程,石油石化 > 油服工程 > 油气及炼化工程,10
油田服务,3,石油石化,油服工程,油田服务,石油石化 > 油服工程 > 油田服务,油田服务,石油石化 > 油服工程 > 油田服务,25
油气开采,2,石油石化,油气开采,,石油石化 > 油气开采,油气开采Ⅱ|油气开采Ⅲ,石油石化 > 油气开采Ⅱ > 油气开采Ⅱ|石油石化 > 油气开采Ⅱ > 油气开采Ⅲ,63
其他石化,3,石油石化,炼化及贸易,其他石化,石油石化 > 炼化及贸易 > 其他石化,其他石化,石油石化 > 炼化及贸易 > 其他石化,29
油品石化贸易,3,石油石化,炼化及贸易,油品石化贸易,石油石化 > 炼化及贸易 > 油品石化贸易,油品石化贸易,石油石化 > 炼化及贸易 > 油品石化贸易,67
炼油化工,3,石油石化,炼化及贸易,炼油化工,石油石化 > 炼化及贸易 > 炼油化工,炼油化工,石油石化 > 炼化及贸易 > 炼油化工,73
专业服务,2,社会服务,专业服务,,社会服务 > 专业服务,专业服务,社会服务 > 专业服务 > 专业服务,11
人力资源服务,3,社会服务,专业服务,人力资源服务,社会服务 > 专业服务 > 人力资源服务,人力资源服务,社会服务 > 专业服务 > 人力资源服务,31
会展服务,3,社会服务,专业服务,会展服务,社会服务 > 专业服务 > 会展服务,会展服务,社会服务 > 专业服务 > 会展服务,15
其他专业服务,3,社会服务,专业服务,其他专业服务,社会服务 > 专业服务 > 其他专业服务,其他专业服务,社会服务 > 专业服务 > 其他专业服务,211
检测服务,3,社会服务,专业服务,检测服务,社会服务 > 专业服务 > 检测服务,检测服务,社会服务 > 专业服务 > 检测服务,50
体育,2,社会服务,体育,,社会服务 > 体育,体育Ⅲ,社会服务 > 体育Ⅱ > 体育Ⅲ,29
教育,2,社会服务,教育,,社会服务 > 教育,教育,社会服务 > 教育 > 教育,6
培训教育,3,社会服务,教育,培训教育,社会服务 > 教育 > 培训教育,培训教育,社会服务 > 教育 > 培训教育,142
学历教育,3,社会服务,教育,学历教育,社会服务 > 教育 > 学历教育,学历教育,社会服务 > 教育 > 学历教育,30
教育运营及其他,3,社会服务,教育,教育运营及其他,社会服务 > 教育 > 教育运营及其他,教育运营及其他,社会服务 > 教育 > 教育运营及其他,32
旅游及景区,2,社会服务,旅游及景区,,社会服务 > 旅游及景区,旅游及景区,社会服务 > 旅游及景区 > 旅游及景区,1
人工景区,3,社会服务,旅游及景区,人工景区,社会服务 > 旅游及景区 > 人工景区,人工景区,社会服务 > 旅游及景区 > 人工景区,17
博彩,3,社会服务,旅游及景区,博彩,社会服务 > 旅游及景区 > 博彩,博彩,社会服务 > 旅游及景区 > 博彩,14
旅游综合,3,社会服务,旅游及景区,旅游综合,社会服务 > 旅游及景区 > 旅游综合,旅游综合,社会服务 > 旅游及景区 > 旅游综合,383
自然景区,3,社会服务,旅游及景区,自然景区,社会服务 > 旅游及景区 > 自然景区,自然景区,社会服务 > 旅游及景区 > 自然景区,18
本地生活服务,2,社会服务,本地生活服务,,社会服务 > 本地生活服务,本地生活服务Ⅲ,社会服务 > 本地生活服务Ⅱ > 本地生活服务Ⅲ,10
酒店,3,社会服务,酒店餐饮,酒店,社会服务 > 酒店餐饮 > 酒店,酒店,社会服务 > 酒店餐饮 > 酒店,109
餐饮,3,社会服务,酒店餐饮,餐饮,社会服务 > 酒店餐饮 > 餐饮,餐饮,社会服务 > 酒店餐饮 > 餐饮,103
纺织服饰,1,纺织服饰,,,纺织服饰,纺织服饰,纺织服饰 > 纺织服饰 > 纺织服饰,8
服装家纺,2,纺织服饰,服装家纺,,纺织服饰 > 服装家纺,服装家纺,纺织服饰 > 服装家纺 > 服装家纺,103
家纺,3,纺织服饰,服装家纺,家纺,纺织服饰 > 服装家纺 > 家纺,家纺,纺织服饰 > 服装家纺 > 家纺,59
运动服装,3,纺织服饰,服装家纺,运动服装,纺织服饰 > 服装家纺 > 运动服装,运动服装,纺织服饰 > 服装家纺 > 运动服装,15
非运动服装,3,纺织服饰,服装家纺,非运动服装,纺织服饰 > 服装家纺 > 非运动服装,非运动服装,纺织服饰 > 服装家纺 > 非运动服装,90
鞋帽及其他,3,纺织服饰,服装家纺,鞋帽及其他,纺织服饰 > 服装家纺 > 鞋帽及其他,鞋帽及其他,纺织服饰 > 服装家纺 > 鞋帽及其他,59
纺织制造,2,纺织服饰,纺织制造,,纺织服饰 > 纺织制造,纺织制造,纺织服饰 > 纺织制造 > 纺织制造,46
其他纺织,3,纺织服饰,纺织制造,其他纺织,纺织服饰 > 纺织制造 > 其他纺织,其他纺织,纺织服饰 > 纺织制造 > 其他纺织,107
印染,3,纺织服饰,纺织制造,印染,纺织服饰 > 纺织制造 > 印染,印染,纺织服饰 > 纺织制造 > 印染,18
棉纺,3,纺织服饰,纺织制造,棉纺,纺织服饰 > 纺织制造 > 棉纺,棉纺,纺织服饰 > 纺织制造 > 棉纺,39
纺织鞋类制造,3,纺织服饰,纺织制造,纺织鞋类制造,纺织服饰 > 纺织制造 > 纺织鞋类制造,纺织鞋类制造,纺织服饰 > 纺织制造 > 纺织鞋类制造,5
辅料,3,纺织服饰,纺织制造,辅料,纺织服饰 > 纺织制造 > 辅料,辅料,纺织服饰 > 纺织制造 > 辅料,6
其他饰品,3,纺织服饰,饰品,其他饰品,纺织服饰 > 饰品 > 其他饰品,其他饰品,纺织服饰 > 饰品 > 其他饰品,14
多品类奢侈品,3,纺织服饰,饰品,多品类奢侈品,纺织服饰 > 饰品 > 多品类奢侈品,多品类奢侈品,纺织服饰 > 饰品 > 多品类奢侈品,4
钟表珠宝,3,纺织服饰,饰品,钟表珠宝,纺织服饰 > 饰品 > 钟表珠宝,钟表珠宝,纺织服饰 > 饰品 > 钟表珠宝,87
综合,1,综合,,,综合,综合|综合Ⅱ|综合Ⅲ,综合 > 综合 > 综合|综合 > 综合Ⅱ > 综合Ⅱ|综合 > 综合Ⅱ > 综合Ⅲ,2617
洗护用品,3,美容护理,个护用品,洗护用品,美容护理 > 个护用品 > 洗护用品,洗护用品,美容护理 > 个护用品 > 洗护用品,32
生活用纸,3,美容护理,个护用品,生活用纸,美容护理 > 个护用品 > 生活用纸,生活用纸,美容护理 > 个护用品 > 生活用纸,25
化妆品制造及其他,3,美容护理,化妆品,化妆品制造及其他,美容护理 > 化妆品 > 化妆品制造及其他,化妆品制造及其他,美容护理 > 化妆品 > 化妆品制造及其他,40
品牌化妆品,3,美容护理,化妆品,品牌化妆品,美容护理 > 化妆品 > 品牌化妆品,品牌化妆品,美容护理 > 化妆品 > 品牌化妆品,16
医美服务,3,美容护理,医疗美容,医美服务,美容护理 > 医疗美容 > 医美服务,医美服务,美容护理 > 医疗美容 > 医美服务,11
医美耗材,3,美容护理,医疗美容,医美耗材,美容护理 > 医疗美容 > 医美耗材,医美耗材,美容护理 > 医疗美容 > 医美耗材,4
计算机,1,计算机,,,计算机,计算机,计算机 > 计算机 > 计算机,14
IT服务,2,计算机,IT服务,,计算机 > IT服务,IT服务Ⅱ|IT服务Ⅲ,计算机 > IT服务Ⅱ > IT服务Ⅱ|计算机 > IT服务Ⅱ > IT服务Ⅲ,2087
计算机设备,2,计算机,计算机设备,,计算机 > 计算机设备,计算机设备,计算机 > 计算机设备 > 计算机设备,2
其他计算机设备,3,计算机,计算机设备,其他计算机设备,计算机 > 计算机设备 > 其他计算机设备,其他计算机设备,计算机 > 计算机设备 > 其他计算机设备,393
安防设备,3,计算机,计算机设备,安防设备,计算机 > 计算机设备 > 安防设备,安防设备,计算机 > 计算机设备 > 安防设备,40
软件开发,2,计算机,软件开发,,计算机 > 软件开发,软件开发,计算机 > 软件开发 > 软件开发,1191
垂直应用软件,3,计算机,软件开发,垂直应用软件,计算机 > 软件开发 > 垂直应用软件,垂直应用软件,计算机 > 软件开发 > 垂直应用软件,219
横向通用软件,3,计算机,软件开发,横向通用软件,计算机 > 软件开发 > 横向通用软件,横向通用软件,计算机 > 软件开发 > 横向通用软件,77
轻工制造,1,轻工制造,,,轻工制造,轻工制造,轻工制造 > 轻工制造 > 轻工制造,5
包装印刷,2,轻工制造,包装印刷,,轻工制造 > 包装印刷,包装印刷,轻工制造 > 包装印刷 > 包装印刷,5
印刷,3,轻工制造,包装印刷,印刷,轻工制造 > 包装印刷 > 印刷,印刷,轻工制造 > 包装印刷 > 印刷,106
塑料包装,3,轻工制造,包装印刷,塑料包装,轻工制造 > 包装印刷 > 塑料包装,塑料包装,轻工制造 > 包装印刷 > 塑料包装,15
纸包装,3,轻工制造,包装印刷,纸包装,轻工制造 > 包装印刷 > 纸包装,纸包装,轻工制造 > 包装印刷 > 纸包装,72
综合包装,3,轻工制造,包装印刷,综合包装,轻工制造 > 包装印刷 > 综合包装,综合包装,轻工制造 > 包装印刷 > 综合包装,59
金属包装,3,轻工制造,包装印刷,金属包装,轻工制造 > 包装印刷 > 金属包装,金属包装,轻工制造 > 包装印刷 > 金属包装,14
家居用品,2,轻工制造,家居用品,,轻工制造 > 家居用品,家居用品,轻工制造 > 家居用品 > 家居用品,6
其他家居用品,3,轻工制造,家居用品,其他家居用品,轻工制造 > 家居用品 > 其他家居用品,其他家居用品,轻工制造 > 家居用品 > 其他家居用品,133
卫浴制品,3,轻工制造,家居用品,卫浴制品,轻工制造 > 家居用品 > 卫浴制品,卫浴制品,轻工制造 > 家居用品 > 卫浴制品,10
定制家居,3,轻工制造,家居用品,定制家居,轻工制造 > 家居用品 > 定制家居,定制家居,轻工制造 > 家居用品 > 定制家居,26
成品家居,3,轻工制造,家居用品,成品家居,轻工制造 > 家居用品 > 成品家居,成品家居,轻工制造 > 家居用品 > 成品家居,103
瓷砖地板,3,轻工制造,家居用品,瓷砖地板,轻工制造 > 家居用品 > 瓷砖地板,瓷砖地板,轻工制造 > 家居用品 > 瓷砖地板,17
文娱用品,2,轻工制造,文娱用品,,轻工制造 > 文娱用品,文娱用品,轻工制造 > 文娱用品 > 文娱用品,87
娱乐用品,3,轻工制造,文娱用品,娱乐用品,轻工制造 > 文娱用品 > 娱乐用品,娱乐用品,轻工制造 > 文娱用品 > 娱乐用品,66
文化用品,3,轻工制造,文娱用品,文化用品,轻工制造 > 文娱用品 > 文化用品,文化用品,轻工制造 > 文娱用品 > 文化用品,8
造纸,2,轻工制造,造纸,,轻工制造 > 造纸,造纸,轻工制造 > 造纸 > 造纸,35
大宗用纸,3,轻工制造,造纸,大宗用纸,轻工制造 > 造纸 > 大宗用纸,大宗用纸,轻工制造 > 造纸 > 大宗用纸,36
特种纸,3,轻工制造,造纸,特种纸,轻工制造 > 造纸 > 特种纸,特种纸,轻工制造 > 造纸 > 特种纸,31
通信,1,通信,,,通信,通信,通信 > 通信 > 通信,3
通信服务,2,通信,通信服务,,通信 > 通信服务,通信服务,通信 > 通信服务 > 通信服务,3
电信运营商,3,通信,通信服务,电信运营商,通信 > 通信服务 > 电信运营商,电信运营商,通信 > 通信服务 > 电信运营商,25
通信工程及服务,3,通信,通信服务,通信工程及服务,通信 > 通信服务 > 通信工程及服务,通信工程及服务,通信 > 通信服务 > 通信工程及服务,142
通信应用增值服务,3,通信,通信服务,通信应用增值服务,通信 > 通信服务 > 通信应用增值服务,通信应用增值服务,通信 > 通信服务 > 通信应用增值服务,63
通信设备,2,通信,通信设备,,通信 > 通信设备,通信设备,通信 > 通信设备 > 通信设备,113
其他通信设备,3,通信,通信设备,其他通信设备,通信 > 通信设备 > 其他通信设备,其他通信设备,通信 > 通信设备 > 其他通信设备,102
通信线缆及配套,3,通信,通信设备,通信线缆及配套,通信 > 通信设备 > 通信线缆及配套,通信线缆及配套,通信 > 通信设备 > 通信线缆及配套,37
通信终端及配件,3,通信,通信设备,通信终端及配件,通信 > 通信设备 > 通信终端及配件,通信终端及配件,通信 > 通信设备 > 通信终端及配件,76
通信网络设备及器件,3,通信,通信设备,通信网络设备及器件,通信 > 通信设备 > 通信网络设备及器件,通信网络设备及器件,通信 > 通信设备 > 通信网络设备及器件,124
钢铁,1,钢铁,,,钢铁,钢铁,钢铁 > 钢铁 > 钢铁,7
冶钢原料,2,钢铁,冶钢原料,,钢铁 > 冶钢原料,冶钢原料,钢铁 > 冶钢原料 > 冶钢原料,1
冶钢辅料,3,钢铁,冶钢原料,冶钢辅料,钢铁 > 冶钢原料 > 冶钢辅料,冶钢辅料,钢铁 > 冶钢原料 > 冶钢辅料,9
铁矿石,3,钢铁,冶钢原料,铁矿石,钢铁 > 冶钢原料 > 铁矿石,铁矿石,钢铁 > 冶钢原料 > 铁矿石,37
普钢,2,钢铁,普钢,,钢铁 > 普钢,普钢,钢铁 > 普钢 > 普钢,51
板材,3,钢铁,普钢,板材,钢铁 > 普钢 > 板材,板材,钢铁 > 普钢 > 板材,27
钢铁管材,3,钢铁,普钢,钢铁管材,钢铁 > 普钢 > 钢铁管材,钢铁管材,钢铁 > 普钢 > 钢铁管材,73
长材,3,钢铁,普钢,长材,钢铁 > 普钢 > 长材,长材,钢铁 > 普钢 > 长材,9
特钢,2,钢铁,特钢,,钢铁 > 特钢,特钢Ⅲ,钢铁 > 特钢Ⅱ > 特钢Ⅲ,48
银行,1,银行,,,银行,银行,银行 > 银行 > 银行,1
其他银行,2,银行,其他银行,,银行 > 其他银行,其他银行Ⅱ|其他银行Ⅲ,银行 > 其他银行Ⅱ > 其他银行Ⅱ|银行 > 其他银行Ⅱ > 其他银行Ⅲ,260
农商行,2,银行,农商行,,银行 > 农商行,农商行Ⅲ,银行 > 农商行Ⅱ > 农商行Ⅲ,859
国有大型银行,2,银行,国有大型银行,,银行 > 国有大型银行,国有大型银行Ⅲ,银行 > 国有大型银行Ⅱ > 国有大型银行Ⅲ,16
城商行,2,银行,城商行,,银行 > 城商行,城商行Ⅱ|城商行Ⅲ,银行 > 城商行Ⅱ > 城商行Ⅱ|银行 > 城商行Ⅱ > 城商行Ⅲ,143
股份制银行,2,银行,股份制银行,,银行 > 股份制银行,股份制银行Ⅲ,银行 > 股份制银行Ⅱ > 股份制银行Ⅲ,26
保险,2,非银金融,保险,,非银金融 > 保险,保险Ⅲ,非银金融 > 保险Ⅱ > 保险Ⅲ,138
多元金融,2,非银金融,多元金融,,非银金融 > 多元金融,多元金融,非银金融 > 多元金融 > 多元金融,10
信托,3,非银金融,多元金融,信托,非银金融 > 多元金融 > 信托,信托,非银金融 > 多元金融 > 信托,57
其他多元金融,3,非银金融,多元金融,其他多元金融,非银金融 > 多元金融 > 其他多元金融,其他多元金融,非银金融 > 多元金融 > 其他多元金融,599
期货,3,非银金融,多元金融,期货,非银金融 > 多元金融 > 期货,期货,非银金融 > 多元金融 > 期货,38
租赁,3,非银金融,多元金融,租赁,非银金融 > 多元金融 > 租赁,租赁,非银金融 > 多元金融 > 租赁,461
资产管理,3,非银金融,多元金融,资产管理,非银金融 > 多元金融 > 资产管理,资产管理,非银金融 > 多元金融 > 资产管理,372
金融信息服务,3,非银金融,多元金融,金融信息服务,非银金融 > 多元金融 > 金融信息服务,金融信息服务,非银金融 > 多元金融 > 金融信息服务,76
金融控股,3,非银金融,多元金融,金融控股,非银金融 > 多元金融 > 金融控股,金融控股,非银金融 > 多元金融 > 金融控股,67
证券,2,非银金融,证券,,非银金融 > 证券,证券Ⅲ,非银金融 > 证券Ⅱ > 证券Ⅲ,159
食品饮料,1,食品饮料,,,食品饮料,食品饮料,食品饮料 > 食品饮料 > 食品饮料,7
休闲食品,2,食品饮料,休闲食品,,食品饮料 > 休闲食品,休闲食品,食品饮料 > 休闲食品 > 休闲食品,3
烘焙食品,3,食品饮料,休闲食品,烘焙食品,食品饮料 > 休闲食品 > 烘焙食品,烘焙食品,食品饮料 > 休闲食品 > 烘焙食品,18
熟食,3,食品饮料,休闲食品,熟食,食品饮料 > 休闲食品 > 熟食,熟食,食品饮料 > 休闲食品 > 熟食,5
零食,3,食品饮料,休闲食品,零食,食品饮料 > 休闲食品 > 零食,零食,食品饮料 > 休闲食品 > 零食,22
白酒,2,食品饮料,白酒,,食品饮料 > 白酒,白酒Ⅲ,食品饮料 > 白酒Ⅱ > 白酒Ⅲ,53
调味发酵品,2,食品饮料,调味发酵品,,食品饮料 > 调味发酵品,调味发酵品Ⅲ,食品饮料 > 调味发酵品Ⅱ > 调味发酵品Ⅲ,75
其他酒类,3,食品饮料,非白酒,其他酒类,食品饮料 > 非白酒 > 其他酒类,其他酒类,食品饮料 > 非白酒 > 其他酒类,45
啤酒,3,食品饮料,非白酒,啤酒,食品饮料 > 非白酒 > 啤酒,啤酒,食品饮料 > 非白酒 > 啤酒,13
食品加工,2,食品饮料,食品加工,,食品饮料 > 食品加工,食品加工,食品饮料 > 食品加工 > 食品加工,114
保健品,3,食品饮料,食品加工,保健品,食品饮料 > 食品加工 > 保健品,保健品,食品饮料 > 食品加工 > 保健品,32
其他食品,3,食品饮料,食品加工,其他食品,食品饮料 > 食品加工 > 其他食品,其他食品,食品饮料 > 食品加工 > 其他食品,73
肉制品,3,食品饮料,食品加工,肉制品,食品饮料 > 食品加工 > 肉制品,肉制品,食品饮料 > 食品加工 > 肉制品,104
预加工食品,3,食品饮料,食品加工,预加工食品,食品饮料 > 食品加工 > 预加工食品,预加工食品,食品饮料 > 食品加工 > 预加工食品,16
乳品,3,食品饮料,饮料乳品,乳品,食品饮料 > 饮料乳品 > 乳品,乳品,食品饮料 > 饮料乳品 > 乳品,77
软饮料,3,食品饮料,饮料乳品,软饮料,食品饮料 > 饮料乳品 > 软饮料,软饮料,食品饮料 > 饮料乳品 > 软饮料,52
