节点code,节点类型,节点名称,证券代码,生效时间,失效时间
100935831,公司,重庆美泰塑胶股份有限公司,,2026-07-14,
10288466,公司,内蒙古兴洋科技股份有限公司,,2026-07-14,
10289493,公司,江苏艾科维科技股份有限公司,,2026-07-14,
10324124,公司,浙江名瑞智能装备科技股份有限公司,,2026-07-14,
103621228,公司,安徽金鹏香精香料股份有限公司,,2026-07-14,
104108617,公司,深圳丰德康种业股份有限公司,,2026-07-14,
1066261,公司,内蒙古凌志马铃薯科技股份有限公司,,2026-07-14,
1066910,公司,好事达(福建)股份有限公司,,2026-07-14,
1067471,公司,湖北科普达高分子材料股份有限公司,,2026-07-14,
1067848,公司,鄂尔多斯市中轩生化股份有限公司,,2026-07-14,
1068616,公司,深圳市品尚汇酒业集团股份公司,,2026-07-14,
1069140,公司,四川侨源气体股份有限公司,,2026-07-14,
1069571,公司,祖名豆制品集团股份有限公司,,2026-07-14,
1069844,公司,广州弘亚数控机械集团股份有限公司,,2026-07-14,
1070417,公司,惠州东进农牧股份有限公司,,2026-07-14,
1070551,公司,福建光阳蛋业股份有限公司,,2026-07-14,
1071537,公司,浙江青莲食品股份有限公司,,2026-07-14,
1072466,公司,湖南盈成油脂工业有限公司,,2026-07-14,
1073175,公司,上海爱婴室商务服务股份有限公司,,2026-07-14,
1082862,公司,广东京华新材料科技股份有限公司,,2026-07-14,
1083230,公司,浙江华统肉制品股份有限公司,,2026-07-14,
1083232,公司,华祥苑茶业股份有限公司,,2026-07-14,
1083241,公司,广东摩德娜科技股份有限公司,,2026-07-14,
1083345,公司,天津一商友谊股份有限公司,,2026-07-14,
1084805,公司,上海纳尔实业股份有限公司,,2026-07-14,
1086338,公司,广东国美水产食品有限公司,,2026-07-14,
1088039,公司,深圳茂业百货有限公司,,2026-07-14,
1092174,公司,凌云光技术股份有限公司,,2026-07-14,
1092896,公司,黑龙江恒阳牛业有限责任公司,,2026-07-14,
1094951,公司,浙江华江科技股份有限公司,,2026-07-14,
1099858,公司,浙江信戈制冷设备科技有限公司,,2026-07-14,
1102085,公司,杭州科利化工股份有限公司,,2026-07-14,
1102247,公司,杭州市商贸旅游集团有限公司,,2026-07-14,
1106071,公司,江苏淮安苏食肉品有限公司,,2026-07-14,
1112384,公司,山东三星集团有限公司,,2026-07-14,
1117337,公司,靖海集团有限公司,,2026-07-14,
1117371,公司,北大荒垦丰种业股份有限公司,,2026-07-14,
1117886,公司,安徽金田高新材料股份有限公司,,2026-07-14,
1122057,公司,西安力邦临床营养股份有限公司,,2026-07-14,
1122902,公司,大民种业股份有限公司,,2026-07-14,
1123169,公司,辽宁晟麦实业股份有限公司,,2026-07-14,
11237065,公司,大连海宝食品股份有限公司,,2026-07-14,
1123796,公司,通化百泉参业集团有限公司,,2026-07-14,
1124205,公司,安徽皖垦种业股份有限公司,,2026-07-14,
1124358,公司,北京联创种业有限公司,,2026-07-14,
1124734,公司,广东申菱环境系统股份有限公司,,2026-07-14,
1125743,公司,南京雨润食品有限公司,,2026-07-14,
1125981,公司,四川省粮油集团有限责任公司,,2026-07-14,
1126575,公司,河南神马华威塑胶股份有限公司,,2026-07-14,
1126914,公司,贵州永红食品有限公司,,2026-07-14,
1126952,公司,福建东亚水产股份有限公司,,2026-07-14,
1127376,公司,河南秋乐种业科技股份有限公司,,2026-07-14,
1127774,公司,内蒙古蒙都羊业食品股份有限公司,,2026-07-14,
1127817,公司,陕西石羊实业股份有限公司,,2026-07-14,
1128075,公司,江苏苏北粮油股份有限公司,,2026-07-14,
1128297,公司,德清唯信食品有限公司,,2026-07-14,
1129201,公司,青岛国星食品股份有限公司,,2026-07-14,
1129425,公司,浙江江山恒亮蜂产品股份有限公司,,2026-07-14,
1131706,公司,安徽滁州德威新材料有限公司,,2026-07-14,
1133199,公司,重庆帮豪种业股份有限公司,,2026-07-14,
1138211,公司,杭州福膜新材料科技股份有限公司,,2026-07-14,
1146100,公司,云浮市新金山生物科技股份有限公司,,2026-07-14,
1146945,公司,香驰控股有限公司,,2026-07-14,
1147197,公司,伟鸿食品股份有限公司,,2026-07-14,
1148392,公司,苏州海顺包装材料有限公司,,2026-07-14,
1148847,公司,江苏省农垦农业发展股份有限公司,,2026-07-14,
1148980,公司,重庆供销生鲜连锁有限公司,,2026-07-14,
1149066,公司,家家悦集团股份有限公司,,2026-07-14,
1154176,公司,中储粮油脂有限公司,,2026-07-14,
1154241,公司,山东省阳信广富畜产品有限公司,,2026-07-14,
1157632,公司,福建科宏生物工程股份有限公司,,2026-07-14,
1159153,公司,新疆冠农集团有限责任公司,,2026-07-14,
1164555,公司,蓝顿旭美食品有限公司,,2026-07-14,
1164566,公司,金乡县华光食品进出口有限公司,,2026-07-14,
1164587,公司,察布查尔锡伯自治县牧源农业发展有限公司,,2026-07-14,
1164685,公司,安徽同福集团股份有限公司,,2026-07-14,
1164766,公司,四川东柳醪糟有限责任公司,,2026-07-14,
1164825,公司,海南翔泰渔业股份有限公司,,2026-07-14,
1164850,公司,浙江天子股份有限公司,,2026-07-14,
1164855,公司,河北美客多食品集团股份有限公司,,2026-07-14,
1164865,公司,舟山水产品中心批发市场有限责任公司,,2026-07-14,
1164883,公司,河南信阳毛尖集团有限公司,,2026-07-14,
1164902,公司,黄山王光熙松萝茶业股份公司,,2026-07-14,
1164904,公司,和田昆仑山枣业股份有限公司,,2026-07-14,
1164905,公司,金菜地食品股份有限公司,,2026-07-14,
1164917,公司,齐齐哈尔瑞盛食品制造有限公司,,2026-07-14,
1164933,公司,金果园老农(北京)食品股份有限公司,,2026-07-14,
1164942,公司,湖北裕国菇业股份有限公司,,2026-07-14,
1164944,公司,福建省闽中有机食品有限公司,,2026-07-14,
1164984,公司,湖南金霞粮食产业有限公司,,2026-07-14,
1164990,公司,吉香居食品有限公司,,2026-07-14,
1165087,公司,大连林家铺子食品股份有限公司,,2026-07-14,
1165088,公司,湖州南太湖龟鳖特种养殖有限公司,,2026-07-14,
1165139,公司,河南黄国粮业股份有限公司,,2026-07-14,
1165141,公司,白象食品股份有限公司,,2026-07-14,
1165147,公司,早康枸杞股份有限公司,,2026-07-14,
1165282,公司,道道全粮油股份有限公司,,2026-07-14,
1165327,公司,江西省百乐米业股份有限公司,,2026-07-14,
1168275,公司,北京复盛机械有限公司,,2026-07-14,
1174130,公司,明康汇生态农业集团有限公司,,2026-07-14,
1175304,公司,合肥杰事杰新材料股份有限公司,,2026-07-14,
1180272,公司,东营正邦生态农业发展有限公司,,2026-07-14,
1182506,公司,厦门康达尔圆香食品有限公司,,2026-07-14,
1189375,公司,天洋新材(上海)科技股份有限公司,,2026-07-14,
121368058,公司,安徽新彩新材料股份有限公司,,2026-07-14,
1215720,公司,万向新元科技股份有限公司,,2026-07-14,
1215735,公司,南京德乐科技集团有限公司,,2026-07-14,
121964091,公司,江苏星基智造科技股份有限公司,,2026-07-14,
1237490,公司,上海康捷保新材料股份有限公司,,2026-07-14,
1238299,公司,保罗生物园科技股份有限公司,,2026-07-14,
1238944,公司,北京二商肉类食品集团有限公司,,2026-07-14,
1244029,公司,重庆博浪塑胶股份有限公司,,2026-07-14,
1244151,公司,重庆和泰润佳股份有限公司,,2026-07-14,
1247627,公司,浙江长安仁恒科技股份有限公司,,2026-07-14,
1247635,公司,山东七河生物科技股份有限公司,,2026-07-14,
1247640,公司,山东农凯米业股份有限公司,,2026-07-14,
1247858,公司,杭州方圆塑机股份有限公司,,2026-07-14,
1249494,公司,四川好彩头实业股份有限公司,,2026-07-14,
1249643,公司,福建益川自动化设备股份公司,,2026-07-14,
1249652,公司,甘肃菁茂生态农业科技股份有限公司,,2026-07-14,
1250037,公司,河南伊赛牛肉股份有限公司,,2026-07-14,
1250433,公司,吉林万家福食品股份有限公司,,2026-07-14,
1251954,公司,万杰智能科技股份有限公司,,2026-07-14,
1252236,公司,河南华泰粮油机械股份有限公司,,2026-07-14,
1252251,公司,迈安德集团有限公司,,2026-07-14,
1257137,公司,河南中鹤纯净粉业有限公司,,2026-07-14,
1262265,公司,杭州高新材料科技股份有限公司,,2026-07-14,
1263351,公司,北京华联回龙观购物中心有限公司,,2026-07-14,
1267452,公司,山东绿润食品有限公司,,2026-07-14,
1268080,公司,莒南县鸿润食品有限公司,,2026-07-14,
1269245,公司,津伦(天津)精密机械股份有限公司,,2026-07-14,
1281797,公司,广东颐丰智慧农业股份有限公司,,2026-07-14,
1284616,公司,黑龙江立高科技股份有限公司,,2026-07-14,
1285198,公司,广东裕田霸力科技股份有限公司,,2026-07-14,
1285440,公司,江西省祥橱实业有限公司,,2026-07-14,
1285608,公司,浙江长宇新材料股份有限公司,,2026-07-14,
1286603,公司,西藏徒河食品股份有限公司,,2026-07-14,
1287931,公司,四方科技集团股份有限公司,,2026-07-14,
1288524,公司,山东大地肉牛清真食品股份有限公司,,2026-07-14,
1292594,公司,深圳爱淘城网络科技股份有限公司,,2026-07-14,
1293062,公司,焦作力合节能装备股份有限公司,,2026-07-14,
1293247,公司,深圳市万通顺达科技股份有限公司,,2026-07-14,
1300326,公司,上海易果电子商务有限公司,,2026-07-14,
1300785,公司,上海浩祯时代文化娱乐发展股份有限公司,,2026-07-14,
1300834,公司,无锡顺达智能自动化工程股份有限公司,,2026-07-14,
1300999,公司,山西澳坤生物农业股份有限公司,,2026-07-14,
1301199,公司,深圳市伟创自动化设备有限公司,,2026-07-14,
1301736,公司,深圳市富恒新材料股份有限公司,,2026-07-14,
1301815,公司,山东赫达集团股份有限公司,,2026-07-14,
1302156,公司,山东新宇包装股份有限公司,,2026-07-14,
1303008,公司,厦门乐麦网络技术股份有限公司,,2026-07-14,
1306099,公司,北京康孚科技股份有限公司,,2026-07-14,
1317406,公司,连云港市天缘食品有限公司,,2026-07-14,
1317409,公司,江苏中鹏新材料股份有限公司,,2026-07-14,
1317805,公司,海南佳德信食品有限公司,,2026-07-14,
1318578,公司,豫新汽车热管理科技有限公司,,2026-07-14,
1318591,公司,上海儒竞科技股份有限公司,,2026-07-14,
1322030,公司,福建文鑫莲业有限责任公司,,2026-07-14,
1324486,公司,山东国新食品有限公司,,2026-07-14,
1325554,公司,北京绿色金可生物技术股份有限公司,,2026-07-14,
1326290,公司,湖南友谊阿波罗控股股份有限公司,,2026-07-14,
1326305,公司,华烁科技股份有限公司,,2026-07-14,
1326356,公司,青岛海尔空调电子有限公司,,2026-07-14,
1326435,公司,浙江银泰百货有限公司,,2026-07-14,
1326672,公司,中国耀华玻璃集团有限公司,,2026-07-14,
1328513,公司,陕西恒通果汁集团股份有限公司,,2026-07-14,
1329612,公司,合肥华联瑞安购物广场商业运营有限公司,,2026-07-14,
1329793,公司,浙江万马高分子材料集团有限公司,,2026-07-14,
1329844,公司,宁波能之光新材料科技股份有限公司,,2026-07-14,
1330352,公司,杭州杭氧压缩机有限公司,,2026-07-14,
1331057,公司,凯盛科技集团有限公司,,2026-07-14,
1332109,公司,广东恒基金属股份有限公司,,2026-07-14,
1334476,公司,伊之密股份有限公司,,2026-07-14,
1334573,公司,内蒙古塞飞亚农业科技发展股份有限公司,,2026-07-14,
1335337,公司,广州珐玛珈智能设备股份有限公司,,2026-07-14,
1335489,公司,湖南华强电气股份有限公司,,2026-07-14,
1336011,公司,湖南省丰康生物科技股份有限公司,,2026-07-14,
1337799,公司,北京华农伟业种子科技股份有限公司,,2026-07-14,
1341845,公司,重庆华联商厦鸿瑞百货有限公司,,2026-07-14,
1344748,公司,福建东吾洋食品股份有限公司,,2026-07-14,
1345004,公司,山东阜丰发酵有限公司,,2026-07-14,
1345134,公司,昂华(上海)自动化工程股份有限公司,,2026-07-14,
1345154,公司,甘肃大河生态食品股份有限公司,,2026-07-14,
1345513,公司,凯鑫森(上海)功能性薄膜产业股份有限公司,,2026-07-14,
1345775,公司,草原兴发食品科技(北京)股份有限公司,,2026-07-14,
1346776,公司,湖北任森农业科技发展股份有限公司,,2026-07-14,
1347985,公司,宿迁市金田塑业有限公司,,2026-07-14,
1352064,公司,无锡洪汇新材料科技股份有限公司,,2026-07-14,
1355706,公司,深圳市莲花山园林有限公司,,2026-07-14,
1356152,公司,湖北黄商集团股份有限公司,,2026-07-14,
1356252,公司,滨州中裕食品有限公司,,2026-07-14,
1356496,公司,合肥科拜尔新材料股份有限公司,,2026-07-14,
1357160,公司,北京秋实农业股份有限公司,,2026-07-14,
1357463,公司,武汉深蓝自动化设备股份有限公司,,2026-07-14,
1357637,公司,深圳市东方亮彩精密技术有限公司,,2026-07-14,
1357651,公司,江苏威泽智能科技股份有限公司,,2026-07-14,
1359846,公司,河南众品食业股份有限公司,,2026-07-14,
136049579,公司,上海铭沣科技股份有限公司,,2026-07-14,
1362722,公司,北京中科同志科技股份有限公司,,2026-07-14,
1363519,公司,江苏唯益换热器有限公司,,2026-07-14,
1364864,公司,烟台鸿庆预涂新材料股份有限公司,,2026-07-14,
1370403,公司,浙江益纸淀粉科技股份有限公司,,2026-07-14,
1377873,公司,河南众品食品有限公司,,2026-07-14,
1380379,公司,山东天晟机械装备股份有限公司,,2026-07-14,
1385840,公司,安庆华鹏长江玻璃有限公司,,2026-07-14,
15977741,公司,安徽豪家新材料股份有限公司,,2026-07-14,
160617359,公司,江苏新天地食品股份有限公司,,2026-07-14,
1676161,公司,中海海洋科技股份有限公司,,2026-07-14,
1677459,公司,驰骋控股集团股份有限公司,,2026-07-14,
1680789,公司,安徽省南翔贸易(集团)有限公司,,2026-07-14,
1684497,公司,广东伊之密精密注压科技有限公司,,2026-07-14,
1685533,公司,四川富生电器有限责任公司,,2026-07-14,
1689780,公司,广西洋浦南华糖业集团股份有限公司,,2026-07-14,
1689859,公司,日照市凌云海糖业集团有限公司,,2026-07-14,
1694017,公司,广东科茂林化集团股份有限公司,,2026-07-14,
169695726,公司,浙江欧诺机械科技股份有限公司,,2026-07-14,
1699369,公司,湖北华丽食品股份有限公司,,2026-07-14,
1700376,公司,济南群康食品有限公司,,2026-07-14,
1700507,公司,广州绿航农业科技有限公司,,2026-07-14,
1703025,公司,谢裕大茶叶股份有限公司,,2026-07-14,
1703406,公司,上海闽申农业科技股份有限公司,,2026-07-14,
1703426,公司,齐鲁泉源供应链有限公司,,2026-07-14,
1703438,公司,广西博宣食品有限公司,,2026-07-14,
1710568,公司,黄骅市鑫茂肉类食品有限公司,,2026-07-14,
1726901,公司,湖北李时珍生物科技股份有限公司,,2026-07-14,
1727596,公司,河北中北商贸股份有限公司,,2026-07-14,
1730698,公司,昆明七彩云南庆沣祥茶业股份有限公司,,2026-07-14,
1730797,公司,四川早白尖茶业有限公司,,2026-07-14,
1731209,公司,深圳市东方宇之光科技股份有限公司,,2026-07-14,
1731228,公司,绍兴御茶村茶业有限公司,,2026-07-14,
1735555,公司,广州保得威尔电子科技股份有限公司,,2026-07-14,
1735867,公司,天津天伟食品有限公司,,2026-07-14,
1736088,公司,上海凯诘电子商务股份有限公司,,2026-07-14,
1736380,公司,重庆旺峰肉业股份有限公司,,2026-07-14,
1736926,公司,湖南湖湘贡食品有限公司,,2026-07-14,
1737686,公司,北京天润康隆科技股份有限公司,,2026-07-14,
1739565,公司,广东顺兴种养股份有限公司,,2026-07-14,
1739768,公司,深圳市德威精密模具有限公司,,2026-07-14,
1740757,公司,深圳好食食品有限公司,,2026-07-14,
1740829,公司,深圳市麦凯莱科技有限公司,,2026-07-14,
1750135,公司,河南飞天生物科技股份有限公司,,2026-07-14,
1750154,公司,宁波横河精密工业股份有限公司,,2026-07-14,
1750983,公司,广东美联新材料股份有限公司,,2026-07-14,
1754880,公司,天津利安隆新材料股份有限公司,,2026-07-14,
1759112,公司,浙江昀丰新材料科技股份有限公司,,2026-07-14,
1759400,公司,福建赛特新材股份有限公司,,2026-07-14,
1759415,公司,福建省芝星炭业股份有限公司,,2026-07-14,
1759652,公司,重庆市原卤食品有限公司,,2026-07-14,
1760549,公司,潍坊金正食品股份有限公司,,2026-07-14,
1768271,公司,新疆汇嘉时代百货股份有限公司,,2026-07-14,
1782868,公司,湖北亿钧耀能新材股份公司,,2026-07-14,
1783585,公司,南通光合生物技术股份有限公司,,2026-07-14,
1784668,公司,福建思嘉环保材料科技有限公司,,2026-07-14,
178590977,公司,广东海瑞斯新材料股份有限公司,,2026-07-14,
1790073,公司,安徽金农生物技术有限公司,,2026-07-14,
1794656,公司,广州摩登百货股份有限公司,,2026-07-14,
1794932,公司,广东波斯科技股份有限公司,,2026-07-14,
1799334,公司,上海连能环保科技股份有限公司,,2026-07-14,
1799863,公司,辽宁三源健康科技股份有限公司,,2026-07-14,
1806579,公司,湖南贵太太茶油科技股份有限公司,,2026-07-14,
1807221,公司,深圳市清泉水业股份有限公司,,2026-07-14,
1813202,公司,扬州晨化新材料股份有限公司,,2026-07-14,
1827393,公司,海航科技集团有限公司,,2026-07-14,
1830217,公司,深圳辰通智能股份有限公司,,2026-07-14,
1840307,公司,保定硕丰农产股份有限公司,,2026-07-14,
1848531,公司,湖北新力大风车现代农业科技有限责任公司,,2026-07-14,
1854966,公司,山东远洋塑胶工业有限公司,,2026-07-14,
1858612,公司,黑龙江象屿农业物产有限公司,,2026-07-14,
1861705,公司,上海南翔食品股份有限公司,,2026-07-14,
1863645,公司,上海城市超市有限公司,,2026-07-14,
1867867,公司,深圳市宏商材料科技股份有限公司,,2026-07-14,
1867990,公司,深圳市顺电连锁股份有限公司,,2026-07-14,
1870002,公司,南京佳力图机房环境技术股份有限公司,,2026-07-14,
1872267,公司,浙江衢州东方集团股份有限公司,,2026-07-14,
1876182,公司,大连东霖食品股份有限公司,,2026-07-14,
1881202,公司,江苏先锋智能科技股份有限公司,,2026-07-14,
1883242,公司,中山市利德包装材料有限公司,,2026-07-14,
1884044,公司,上海朴道水汇环保科技股份有限公司,,2026-07-14,
1884858,公司,金太阳粮油股份有限公司,,2026-07-14,
1885378,公司,内蒙古坤瑞玻璃股份有限公司,,2026-07-14,
1885380,公司,内蒙古赛诺种羊科技有限公司,,2026-07-14,
1885459,公司,宁波伟立机器人科技股份有限公司,,2026-07-14,
1885802,公司,大连棒棰岛海产股份有限公司,,2026-07-14,
1885823,公司,大连华富食品有限公司,,2026-07-14,
1885983,公司,南京云田网络科技(集团)股份有限公司,,2026-07-14,
1885997,公司,东莞市雄林新材料科技股份有限公司,,2026-07-14,
1886952,公司,安徽富硒香生物食品股份有限公司,,2026-07-14,
1886972,公司,安徽詹氏食品股份有限公司,,2026-07-14,
1888876,公司,万洲国际有限公司,,2026-07-14,
1891309,公司,南京大树智能科技股份有限公司,,2026-07-14,
1904669,公司,北京良物珍品电子商务股份有限公司,,2026-07-14,
1911006,公司,江苏众客食品股份有限公司,,2026-07-14,
1915330,公司,安徽华菱西厨装备股份有限公司,,2026-07-14,
1917144,公司,甘肃鸿泰种业股份有限公司,,2026-07-14,
1920866,公司,深圳市龙丹食品有限公司,,2026-07-14,
1924710,公司,河南恒瑞淀粉科技股份有限公司,,2026-07-14,
1925385,公司,甘肃国芳工贸(集团)股份有限公司,,2026-07-14,
1933410,公司,远东光电股份有限公司,,2026-07-14,
1935911,公司,吉林加一健康产业股份有限公司,,2026-07-14,
1940752,公司,通化禾韵现代农业股份有限公司,,2026-07-14,
1942893,公司,深圳市沃特新材料股份有限公司,,2026-07-14,
1945592,公司,深圳市旺鑫精密工业有限公司,,2026-07-14,
1945594,公司,吉林派诺生物技术股份有限公司,,2026-07-14,
1950366,公司,新疆供销投资(控股)集团有限责任公司,,2026-07-14,
1951594,公司,山东省博发油脂有限公司,,2026-07-14,
1953301,公司,深圳市帝源新材料科技股份有限公司,,2026-07-14,
1954643,公司,深圳市金彩虹精密制造股份有限公司,,2026-07-14,
1955431,公司,深圳市仕瑞达自动化设备有限公司,,2026-07-14,
1957022,公司,丹阳市江南面粉有限公司,,2026-07-14,
1957586,公司,深圳市中吉号茶业股份有限公司,,2026-07-14,
1960424,公司,上海创乐人企业发展股份有限公司,,2026-07-14,
1962483,公司,广东顺德顺炎新材料股份有限公司,,2026-07-14,
196401189,公司,江苏川岛智能装备股份有限公司,,2026-07-14,
1964966,公司,甘肃凯凯农业科技发展股份有限公司,,2026-07-14,
1970410,公司,山东华建仓储装备科技有限公司,,2026-07-14,
1976637,公司,新疆金丰源种业有限公司,,2026-07-14,
1979749,公司,西科农业集团股份有限公司,,2026-07-14,
1983750,公司,健合(中国)有限公司,,2026-07-14,
1993164,公司,辽宁五峰农业科技股份有限公司,,2026-07-14,
1993563,公司,山东众兴泽辉新材料有限公司,,2026-07-14,
1995794,公司,艾艾精密工业输送系统(上海)股份有限公司,,2026-07-14,
1995818,公司,广东三凯新材料股份有限公司,,2026-07-14,
1995831,公司,长虹塑料集团英派瑞塑料股份有限公司,,2026-07-14,
1995840,公司,苏州中集良才科技有限公司,,2026-07-14,
1996631,公司,大连世安科技股份有限公司,,2026-07-14,
1996769,公司,福格森(武汉)生物科技股份有限公司,,2026-07-14,
1996780,公司,苏州昆拓热控系统股份有限公司,,2026-07-14,
1997802,公司,恩施炜丰富硒茶业股份有限公司,,2026-07-14,
1997921,公司,大连雅威特生物技术股份有限公司,,2026-07-14,
1997947,公司,上海华之邦科技股份有限公司,,2026-07-14,
1999236,公司,苏州天弘激光股份有限公司,,2026-07-14,
1999240,公司,柳州爱格富食品科技股份有限公司,,2026-07-14,
1999255,公司,广州星业科技股份有限公司,,2026-07-14,
1999287,公司,安徽中科自动化股份有限公司,,2026-07-14,
1999293,公司,济南老来寿生物集团股份有限公司,,2026-07-14,
2007540,公司,上海金豹实业股份有限公司,,2026-07-14,
2009958,公司,山东东阿东方阿胶股份有限公司,,2026-07-14,
2014311,公司,广州市汇美时尚集团股份有限公司,,2026-07-14,
2016051,公司,惠生国际控股有限公司,,2026-07-14,
2018987,公司,福建盛达机器股份公司,,2026-07-14,
2022114,公司,大连金玛商城企业集团有限公司,,2026-07-14,
2024171,公司,吉林省金塔实业(集团)股份有限公司,,2026-07-14,
2024568,公司,武汉奥森迪科智能科技股份有限公司,,2026-07-14,
2027015,公司,深圳市同益实业股份有限公司,,2026-07-14,
2031823,公司,合肥泰禾智能科技集团股份有限公司,,2026-07-14,
2044356,公司,武汉新中德塑机股份有限公司,,2026-07-14,
2051439,公司,天方茶业股份有限公司,,2026-07-14,
2051442,公司,惠州天阳精密部品股份有限公司,,2026-07-14,
2052482,公司,银都餐饮设备股份有限公司,,2026-07-14,
2052593,公司,泰瑞机器股份有限公司,,2026-07-14,
2057888,公司,元利化学集团股份有限公司,,2026-07-14,
2058304,公司,安徽万瑞冷电科技有限公司,,2026-07-14,
2060767,公司,上海手乐电子商务股份有限公司,,2026-07-14,
2075017,公司,诺誓(北京)商业股份有限公司,,2026-07-14,
2082588,公司,上海中主信息科技股份有限公司,,2026-07-14,
2087183,公司,上海顶誉食品有限公司,,2026-07-14,
2087713,公司,内蒙古草原宏宝食品股份有限公司,,2026-07-14,
2087745,公司,河南省豫玉种业股份有限公司,,2026-07-14,
2089725,公司,大连冰洋科技股份有限公司,,2026-07-14,
2091464,公司,江苏瑞雪海洋科技股份有限公司,,2026-07-14,
2096160,公司,上海阿拉丁生化科技股份有限公司,,2026-07-14,
2100380,公司,福建雪人制冷设备有限公司,,2026-07-14,
2106794,公司,重庆市长寿区浩湖渔业股份有限公司,,2026-07-14,
2109788,公司,安徽雪郎生物科技股份有限公司,,2026-07-14,
2109790,公司,青岛海容商用冷链股份有限公司,,2026-07-14,
2110486,公司,佛山金万达科技股份有限公司,,2026-07-14,
2116495,公司,武汉九生堂生物科技股份有限公司,,2026-07-14,
2118674,公司,山东圣琪生物有限公司,,2026-07-14,
2119174,公司,上海沃迪智能装备股份有限公司,,2026-07-14,
2123122,公司,天加新材料集团股份有限公司,,2026-07-14,
2132055,公司,河北康远清真食品股份有限公司,,2026-07-14,
2136405,公司,江苏联测机电科技股份有限公司,,2026-07-14,
2138253,公司,威海联桥新材料科技股份有限公司,,2026-07-14,
2139470,公司,封开县公有资产发展有限公司,,2026-07-14,
2139581,公司,海丰县投资控股集团有限公司,,2026-07-14,
2140547,公司,南京虎凤蝶电子商务科技股份有限公司,,2026-07-14,
2164214,公司,丹东禾丰成三牧业有限公司,,2026-07-14,
2166575,公司,连云港神农现代农业发展有限公司,,2026-07-14,
2167053,公司,广东峰华卓立科技股份有限公司,,2026-07-14,
2167989,公司,公准肉食品股份有限公司,,2026-07-14,
2169687,公司,苏州润佳工程塑料股份有限公司,,2026-07-14,
2169688,公司,伽力森食品(无锡)集团股份公司,,2026-07-14,
2169710,公司,山东婴儿乐股份有限公司,,2026-07-14,
2173448,公司,壹玖壹玖酒类平台科技股份有限公司,,2026-07-14,
2174189,公司,江苏诚盟装备股份有限公司,,2026-07-14,
2175463,公司,云南蓝钻生物科技股份有限公司,,2026-07-14,
2175983,公司,浙江茶乾坤食品股份有限公司,,2026-07-14,
2176012,公司,承德天成印刷科技股份有限公司,,2026-07-14,
2176014,公司,上海金东唐科技有限公司,,2026-07-14,
2176812,公司,上海浩驰科技股份有限公司,,2026-07-14,
2182742,公司,江西杨氏果业股份有限公司,,2026-07-14,
2193031,公司,浙江新美心食品工业有限公司,,2026-07-14,
2195103,公司,邹平三星油脂工业有限公司,,2026-07-14,
2203650,公司,重庆龙头港物流发展有限公司,,2026-07-14,
2205876,公司,索拉特特种玻璃(江苏)股份有限公司,,2026-07-14,
2206248,公司,广东康爱多数字健康科技有限公司,,2026-07-14,
2206747,公司,张家界金鲵生物工程股份有限公司,,2026-07-14,
2208204,公司,上海远洲管业科技股份有限公司,,2026-07-14,
2210047,公司,江苏强盛功能化学股份有限公司,,2026-07-14,
2210125,公司,北京莱特九州技术服务股份有限公司,,2026-07-14,
2210126,公司,山东天鸿模具股份有限公司,,2026-07-14,
2210127,公司,河南心连心深冷能源股份有限公司,,2026-07-14,
2214789,公司,内蒙古乾华农业发展有限公司,,2026-07-14,
2215205,公司,河南淮滨华英禽业有限公司,,2026-07-14,
2219268,公司,衡阳华亚玻璃制品有限公司,,2026-07-14,
2220857,公司,舟山新诺佳生物工程股份有限公司,,2026-07-14,
2223384,公司,杭州沈氏节能科技股份有限公司,,2026-07-14,
2229434,公司,江苏红旗种业股份有限公司,,2026-07-14,
2233394,公司,福建神农菇业股份有限公司,,2026-07-14,
2234289,公司,浙江美之奥种业股份有限公司,,2026-07-14,
2236654,公司,宁夏法福来食品股份有限公司,,2026-07-14,
2236662,公司,黑龙江省龙蛙农业发展股份有限公司,,2026-07-14,
2241565,公司,大连凯洋世界海鲜股份有限公司,,2026-07-14,
2241722,公司,扬州市德运塑业科技股份有限公司,,2026-07-14,
2241754,公司,珠海长先新材料科技股份有限公司,,2026-07-14,
2242670,公司,甘肃华协农业生物科技股份有限公司,,2026-07-14,
2244617,公司,抚州苍源中药材种植股份有限公司,,2026-07-14,
2249040,公司,宁夏伊品生物科技股份有限公司,,2026-07-14,
2259677,公司,青海福来喜得生物科技股份有限公司,,2026-07-14,
2264667,公司,山东安信种苗股份有限公司,,2026-07-14,
2264730,公司,上海光和光学制造股份有限公司,,2026-07-14,
2264733,公司,深圳市软通供应链股份有限公司,,2026-07-14,
2264737,公司,郑州凯雪冷链股份有限公司,,2026-07-14,
2264801,公司,湖南黑美人茶业股份有限公司,,2026-07-14,
2264802,公司,烟台枫林食品股份有限公司,,2026-07-14,
2276272,公司,黄石汇波材料科技股份有限公司,,2026-07-14,
2279300,公司,浙江才府玻璃股份有限公司,,2026-07-14,
2281399,公司,兰州亚成生物科技股份有限公司,,2026-07-14,
2283154,公司,常州贝斯塔德机械股份有限公司,,2026-07-14,
2283157,公司,北京世纪合辉医药科技股份有限公司,,2026-07-14,
2283158,公司,郑州光大百纳科技股份有限公司,,2026-07-14,
2287045,公司,深圳市佳捷现代物流有限公司,,2026-07-14,
2293088,公司,山东三信商贸股份有限公司,,2026-07-14,
2294003,公司,中国绿宝集团有限公司,,2026-07-14,
2300553,公司,浙江交联辐照材料股份有限公司,,2026-07-14,
2303822,公司,山东首信高分子材料有限公司,,2026-07-14,
2303894,公司,五峰赤诚生物科技股份有限公司,,2026-07-14,
2307824,公司,江苏康能生物工程股份有限公司,,2026-07-14,
2308186,公司,江阴康爱特包装股份有限公司,,2026-07-14,
2308226,公司,深圳市振野蛋品智能设备股份有限公司,,2026-07-14,
2308229,公司,吉林省艾斯克机电有限责任公司,,2026-07-14,
2312154,公司,上海中道糖业有限公司,,2026-07-14,
2313480,公司,上海和创化学股份有限公司,,2026-07-14,
2314590,公司,玉溪明珠花卉股份有限公司,,2026-07-14,
2315469,公司,绵阳众工机械有限公司,,2026-07-14,
2321678,公司,德基科技控股有限公司,,2026-07-14,
2324285,公司,新疆康润洁环保科技股份有限公司,,2026-07-14,
2328203,公司,烟台欧森纳地源空调股份有限公司,,2026-07-14,
2333939,公司,玉树藏族自治州三江源冬虫夏草科技股份有限公司,,2026-07-14,
2337409,公司,天津联博化工股份有限公司,,2026-07-14,
2345097,公司,海益宝科技股份有限公司,,2026-07-14,
2347304,公司,田野创新股份有限公司,,2026-07-14,
2347318,公司,浙江联洋新材料股份有限公司,,2026-07-14,
2347325,公司,广东固特超声股份有限公司,,2026-07-14,
2347349,公司,恩施自治州好又多商贸有限责任公司,,2026-07-14,
2356613,公司,青岛海傲思健康产业发展股份有限公司,,2026-07-14,
2357001,公司,雅安茶厂股份有限公司,,2026-07-14,
2357428,公司,中山松德印刷机械有限公司,,2026-07-14,
2367015,公司,科伦塑业集团股份有限公司,,2026-07-14,
2367926,公司,厦门倍杰特科技有限公司,,2026-07-14,
2369965,公司,青岛乐克玻璃科技股份有限公司,,2026-07-14,
2371587,公司,河北星驿智慧物流股份有限公司,,2026-07-14,
2375287,公司,晋华和佐(厦门)食品股份有限公司,,2026-07-14,
2375291,公司,江苏沃田集团股份有限公司,,2026-07-14,
2375569,公司,四川龙华光电薄膜股份有限公司,,2026-07-14,
2375575,公司,云南海潮集团听牧肉牛产业股份有限公司,,2026-07-14,
2375581,公司,昆山华富新材料股份有限公司,,2026-07-14,
2398130,公司,洛阳市河之阳高分子材料股份有限公司,,2026-07-14,
2398133,公司,云南欣绿茶花股份有限公司,,2026-07-14,
2399376,公司,福建省聚元食品股份有限公司,,2026-07-14,
2402102,公司,武汉现代精工机械股份有限公司,,2026-07-14,
2404061,公司,大连华鹰玻璃股份有限公司,,2026-07-14,
2405341,公司,成都邻你生活股份有限公司,,2026-07-14,
2405791,公司,欧好光电控制技术(上海)股份有限公司,,2026-07-14,
2406406,公司,南通三信塑胶装备科技股份有限公司,,2026-07-14,
2406759,公司,联程合众(大连)旅游项目开发股份有限公司,,2026-07-14,
2406784,公司,甘肃巨鹏清真食品股份有限公司,,2026-07-14,
2407046,公司,吉林添正生物科技股份有限公司,,2026-07-14,
2413058,公司,辽宁振兴生态集团发展股份有限公司,,2026-07-14,
2414405,公司,甘露国际发展有限公司,,2026-07-14,
2414541,公司,新疆双色港农业投资股份有限公司,,2026-07-14,
2414805,公司,开勒环境科技(上海)股份有限公司,,2026-07-14,
2415639,公司,厦门佳创科技股份有限公司,,2026-07-14,
2417278,公司,北京翰林航宇科技发展股份公司,,2026-07-14,
2422775,公司,江苏创一佳科技股份有限公司,,2026-07-14,
2430324,公司,安吉兴华电力管道股份有限公司,,2026-07-14,
2431344,公司,浙江世博新材料股份有限公司,,2026-07-14,
2431367,公司,苏州弗克技术股份有限公司,,2026-07-14,
2431608,公司,上海悦瑞三维科技股份有限公司,,2026-07-14,
2431613,公司,广东佳业食品有限公司,,2026-07-14,
2431617,公司,广东裕丰食品股份有限公司,,2026-07-14,
2437499,公司,哈尔滨工大金涛科技股份有限公司,,2026-07-14,
2439528,公司,中国顺客隆控股有限公司,,2026-07-14,
2442137,公司,潍坊渤海水产综合开发有限公司,,2026-07-14,
2443929,公司,宁夏润龙包装新材料股份有限公司,,2026-07-14,
2443931,公司,新疆天山黑蜂产业股份有限公司,,2026-07-14,
2444225,公司,杭州环申新材料科技股份有限公司,,2026-07-14,
2444999,公司,长沙麦融高科股份有限公司,,2026-07-14,
2454820,公司,界首市天鸿新材料股份有限公司,,2026-07-14,
2455037,公司,河南振新生物技术股份有限公司,,2026-07-14,
2455041,公司,甘肃爽口源生态科技股份有限公司,,2026-07-14,
2455059,公司,上海金杉粮油食品有限公司,,2026-07-14,
2470378,公司,苏州固泰新材股份有限公司,,2026-07-14,
2476291,公司,武威金苹果农业股份有限公司,,2026-07-14,
2476294,公司,浏阳河集团股份有限公司,,2026-07-14,
2477861,公司,云南福慧科技股份有限公司,,2026-07-14,
2483560,公司,溜溜梅股份有限公司,,2026-07-14,
2485385,公司,北京明通四季科技股份有限公司,,2026-07-14,
2491497,公司,无锡亚夫农业科技股份有限公司,,2026-07-14,
2491977,公司,新疆永升嘉轩食品股份有限公司,,2026-07-14,
2491982,公司,南通睿木自动化科技股份有限公司,,2026-07-14,
2496013,公司,黑龙江省恒源食品股份有限公司,,2026-07-14,
2497018,公司,福建古甜食品科技股份有限公司,,2026-07-14,
2498262,公司,浙江环球渔场股份有限公司,,2026-07-14,
2500151,公司,安顺新金秋科技股份有限公司,,2026-07-14,
2500159,公司,广东八记食品股份有限公司,,2026-07-14,
2500590,公司,延边宝利祥蜂业股份有限公司,,2026-07-14,
2500735,公司,回头客食品集团股份有限公司,,2026-07-14,
2500745,公司,浙江依特诺科技股份有限公司,,2026-07-14,
2501123,公司,内蒙古宏源农牧业科技股份有限公司,,2026-07-14,
2501945,公司,江西益家食品股份有限公司,,2026-07-14,
2502109,公司,秦皇岛燕大源达机电科技股份有限公司,,2026-07-14,
2502110,公司,广东飞新达智能设备股份有限公司,,2026-07-14,
2502521,公司,北京富雷科技股份有限公司,,2026-07-14,
2502524,公司,福鼎白茶股份有限公司,,2026-07-14,
2502529,公司,呼伦贝尔恒屹农牧业股份有限公司,,2026-07-14,
2503144,公司,武汉金牌电工股份有限公司,,2026-07-14,
2503858,公司,山东欧迈机械股份有限公司,,2026-07-14,
2503862,公司,河南去吧看看网络科技股份有限公司,,2026-07-14,
2504502,公司,杭州三耐环保科技股份有限公司,,2026-07-14,
2504509,公司,成都爱林至善贸易股份有限公司,,2026-07-14,
2504510,公司,海南天地人生态农业股份有限公司,,2026-07-14,
2504516,公司,上海禾健营养食品有限公司,,2026-07-14,
2505023,公司,天津正大珍吾堂食品股份有限公司,,2026-07-14,
2505764,公司,广州晶品智能压塑科技股份有限公司,,2026-07-14,
2506403,公司,上海兰庆新材料技术股份有限公司,,2026-07-14,
2506875,公司,正大蛋鸡养殖(北京)有限公司,,2026-07-14,
2507067,公司,山东鼎泰盛工业装备有限公司,,2026-07-14,
2507620,公司,黄冈鲁班药业股份有限公司,,2026-07-14,
2507622,公司,北京盈和科技股份有限公司,,2026-07-14,
2507998,公司,山东瑞泽生物科技股份有限公司,,2026-07-14,
2508001,公司,湖北万星面业股份有限公司,,2026-07-14,
2508002,公司,内江东工设备制造股份有限公司,,2026-07-14,
2508118,公司,潍坊滨海旅游集团有限公司,,2026-07-14,
2508243,公司,亚联机械股份有限公司,,2026-07-14,
2508513,公司,深圳市百事达卓越科技股份有限公司,,2026-07-14,
2509426,公司,无锡灵鸽机械科技股份有限公司,,2026-07-14,
2509939,公司,宁夏沃福百瑞枸杞产业股份有限公司,,2026-07-14,
2509997,公司,广州石头造环保科技股份有限公司,,2026-07-14,
2510242,公司,广东永畅兴精密制造股份有限公司,,2026-07-14,
2510243,公司,河南德宏种业股份有限公司,,2026-07-14,
2510250,公司,宁夏万仕隆冷冻科技股份有限公司,,2026-07-14,
2510251,公司,辽宁北旺农牧股份公司,,2026-07-14,
2510259,公司,浙江泰林生物技术股份有限公司,,2026-07-14,
2510273,公司,广东福星健康产业股份有限公司,,2026-07-14,
2510274,公司,浙江万享科技股份有限公司,,2026-07-14,
2513213,公司,福建万辰食品集团股份有限公司,,2026-07-14,
2516245,公司,广东宝德利新材料科技股份有限公司,,2026-07-14,
2517605,公司,中山博锐斯新材料股份有限公司,,2026-07-14,
2520930,公司,大连汇隆活塞股份有限公司,,2026-07-14,
2522682,公司,黑龙江林海华安新材料股份有限公司,,2026-07-14,
2523732,公司,湖北勤劳农夫生态农业股份有限公司,,2026-07-14,
2524673,公司,广西禾美生态农业股份有限公司,,2026-07-14,
2525600,公司,万全现代物流股份有限公司,,2026-07-14,
2535952,公司,河南环宇玻璃科技股份有限公司,,2026-07-14,
2536001,公司,湖南辰泰信息科技股份有限公司,,2026-07-14,
2536526,公司,江苏高科物流科技股份有限公司,,2026-07-14,
2536530,公司,宁夏鼎力农业开发有限公司,,2026-07-14,
2537630,公司,江苏良晋电子商务股份有限公司,,2026-07-14,
2538019,公司,山东华瑞科技服务股份有限公司,,2026-07-14,
2538020,公司,江苏大隆汇文化科技股份有限公司,,2026-07-14,
2538055,公司,无锡择尚科技股份有限公司,,2026-07-14,
2538060,公司,广东穗源新型农业科技股份有限公司,,2026-07-14,
2538098,公司,东莞市松湖塑料机械股份有限公司,,2026-07-14,
2538114,公司,江苏华溢物流有限公司,,2026-07-14,
2538293,公司,广东聚石化学股份有限公司,,2026-07-14,
2538301,公司,浙江润阳新材料科技股份有限公司,,2026-07-14,
2538302,公司,南京威克曼科技股份有限公司,,2026-07-14,
2538305,公司,深圳市奥科斯特智能装备股份有限公司,,2026-07-14,
2538316,公司,福建天线宝宝食品股份有限公司,,2026-07-14,
2538330,公司,江西中藻生物科技有限公司,,2026-07-14,
2538333,公司,广东炜田环保新材料股份有限公司,,2026-07-14,
2538367,公司,广州市铭慧机械股份有限公司,,2026-07-14,
2538381,公司,青岛富景农业开发有限公司,,2026-07-14,
2538408,公司,山东朵云清农业股份有限公司,,2026-07-14,
2538434,公司,云南爱尔发生物技术股份有限公司,,2026-07-14,
2538437,公司,深圳市繁兴科技股份有限公司,,2026-07-14,
2538468,公司,广东林中宝生物科技股份有限公司,,2026-07-14,
2538475,公司,漯河市众益达食品有限公司,,2026-07-14,
2538500,公司,安徽江淮园艺种业股份有限公司,,2026-07-14,
2538521,公司,上海新世洋供应链管理股份有限公司,,2026-07-14,
2538533,公司,浙江田歌实业股份有限公司,,2026-07-14,
2538562,公司,河北三楷深发科技股份有限公司,,2026-07-14,
2538850,公司,杭州沃镭智能科技股份有限公司,,2026-07-14,
2538894,公司,河北明尚德玻璃科技股份有限公司,,2026-07-14,
2538895,公司,灵汇技术股份有限公司,,2026-07-14,
2538912,公司,大卫之选信息技术(北京)股份有限公司,,2026-07-14,
2538920,公司,天津狗不理食品股份有限公司,,2026-07-14,
2538934,公司,普瑞特机械制造股份有限公司,,2026-07-14,
2538942,公司,新疆东方红番茄股份有限公司,,2026-07-14,
2538950,公司,南京晶淼节能材料股份有限公司,,2026-07-14,
2539088,公司,贵阳兴塑科技股份有限公司,,2026-07-14,
2539090,公司,无锡博伊特科技股份有限公司,,2026-07-14,
2539097,公司,北京瓜尔润科技股份有限公司,,2026-07-14,
2539107,公司,湖北祥源新材科技股份有限公司,,2026-07-14,
2539113,公司,苏州星贝尔中空成型科技股份有限公司,,2026-07-14,
2539114,公司,五常市乔府大院农业股份有限公司,,2026-07-14,
2539146,公司,四川唯鸿生物科技股份公司,,2026-07-14,
2539717,公司,江苏一鸣生物股份有限公司,,2026-07-14,
2539812,公司,三门三友科技股份有限公司,,2026-07-14,
2539860,公司,深圳百果园实业(集团)股份有限公司,,2026-07-14,
2540126,公司,宜诺包装股份有限公司,,2026-07-14,
2540134,公司,北京朔方科技发展股份有限公司,,2026-07-14,
2540167,公司,日联科技集团股份有限公司,,2026-07-14,
2540177,公司,江西风尚电视购物股份有限公司,,2026-07-14,
2540589,公司,超音速人工智能科技股份有限公司,,2026-07-14,
2540769,公司,大连壮元海生态苗业股份有限公司,,2026-07-14,
2540781,公司,山东森诺特环保能源股份有限公司,,2026-07-14,
2543653,公司,青岛宇方机器人工业股份有限公司,,2026-07-14,
2544470,公司,无锡市万力粘合材料股份有限公司,,2026-07-14,
2544529,公司,大连鑫玉龙海洋生物种业科技股份有限公司,,2026-07-14,
2544537,公司,云南曲辰种业股份有限公司,,2026-07-14,
2544538,公司,蓬莱海洋(山东)股份有限公司,,2026-07-14,
2544605,公司,浙江华艺生物科技股份有限公司,,2026-07-14,
2544607,公司,广东远东国兰股份有限公司,,2026-07-14,
2544608,公司,饶河县中顺农业开发股份有限公司,,2026-07-14,
2544659,公司,西藏勃达微波装备股份有限公司,,2026-07-14,
2544665,公司,吉林经济技术开发区城发集塑管业股份有限公司,,2026-07-14,
2544699,公司,江苏新瀚新材料股份有限公司,,2026-07-14,
2545496,公司,广东每通测控科技股份有限公司,,2026-07-14,
2546486,公司,安徽省国臻堂生物科技股份有限公司,,2026-07-14,
2546624,公司,黑龙江省五米常香农业科技发展股份有限公司,,2026-07-14,
2546667,公司,常州铭赛机器人科技股份有限公司,,2026-07-14,
2546683,公司,平顶山金晶生物科技股份有限公司,,2026-07-14,
2546739,公司,广西海世通食品股份有限公司,,2026-07-14,
2546784,公司,南京法宁格节能科技股份有限公司,,2026-07-14,
2546788,公司,常州市远东塑料科技股份有限公司,,2026-07-14,
2546946,公司,扬州日兴生物科技股份有限公司,,2026-07-14,
2547116,公司,河北晓进机械制造股份有限公司,,2026-07-14,
2547135,公司,浙江隆源装备科技股份有限公司,,2026-07-14,
2547161,公司,广东泰通农业发展集团股份有限公司,,2026-07-14,
2547173,公司,南昌市鄱阳湖农牧渔产业发展股份有限公司,,2026-07-14,
2547351,公司,广西西江物流股份有限公司,,2026-07-14,
2547474,公司,苏州英多智能科技股份有限公司,,2026-07-14,
2547484,公司,山东圣士达机械科技股份有限公司,,2026-07-14,
2547487,公司,北京诚品快拍物联网科技股份有限公司,,2026-07-14,
2547490,公司,内蒙古华欧淀粉工业股份有限公司,,2026-07-14,
2547540,公司,北京中冷物流股份有限公司,,2026-07-14,
2547553,公司,杭州砂之船商业管理股份有限公司,,2026-07-14,
2547583,公司,山东常青树胶业股份有限公司,,2026-07-14,
2549984,公司,浙江康宏物流股份有限公司,,2026-07-14,
2549987,公司,广东锐捷安全技术股份有限公司,,2026-07-14,
2552386,公司,杭州得润宝科技股份有限公司,,2026-07-14,
2552416,公司,浙江盈亿机械股份有限公司,,2026-07-14,
2552423,公司,内蒙古澳菲利食品股份有限公司,,2026-07-14,
2552452,公司,安徽纽麦特新材料科技股份有限公司,,2026-07-14,
2552588,公司,重庆市联发塑料科技股份有限公司,,2026-07-14,
2552636,公司,格润食品集团股份有限公司,,2026-07-14,
2553414,公司,扬中市中扬现代渔业产业发展有限公司,,2026-07-14,
2554968,公司,涅生科技(广州)股份有限公司,,2026-07-14,
2556298,公司,北京友宝在线科技股份有限公司,,2026-07-14,
2556315,公司,苏州世纪福智能装备股份有限公司,,2026-07-14,
2556361,公司,杭州杭开水务科技有限公司,,2026-07-14,
2556375,公司,吉林永丰食品股份有限公司,,2026-07-14,
2556415,公司,名品世家酒业连锁股份有限公司,,2026-07-14,
2556417,公司,江苏国信复合材料科技股份有限公司,,2026-07-14,
2556534,公司,湖北中圣节水股份有限公司,,2026-07-14,
2556543,公司,内蒙古额尔敦羊业股份有限公司,,2026-07-14,
2556566,公司,芜湖广尔纳新材料科技股份有限公司,,2026-07-14,
2556576,公司,天津市旭辉恒远塑料包装股份有限公司,,2026-07-14,
2556591,公司,安徽骏马新材料科技股份有限公司,,2026-07-14,
2556594,公司,山东凯欣绿色食品股份有限公司,,2026-07-14,
2556647,公司,江西友尼宝农业科技股份有限公司,,2026-07-14,
2556683,公司,拉萨宝莲生物科技股份有限公司,,2026-07-14,
2556708,公司,广州科力新能源股份有限公司,,2026-07-14,
2556742,公司,浙江君泰生态科技有限公司,,2026-07-14,
2556744,公司,山东奥诺能源科技股份有限公司,,2026-07-14,
2556746,公司,北京万众凯旋互联网科技股份有限公司,,2026-07-14,
2556750,公司,大连玉洋集团股份有限公司,,2026-07-14,
2556825,公司,南通三盛鑫生物科技股份有限公司,,2026-07-14,
2556878,公司,烟台信友新材料有限公司,,2026-07-14,
2556887,公司,山东环丰食品股份有限公司,,2026-07-14,
2556896,公司,无锡高拓新材料股份有限公司,,2026-07-14,
2556904,公司,上海康帅冷链科技股份有限公司,,2026-07-14,
2556927,公司,内蒙古佰惠生新农业科技股份有限公司,,2026-07-14,
2556936,公司,浙江济公缘控股股份有限公司,,2026-07-14,
2580096,公司,广东长平世纪数字产业股份公司,,2026-07-14,
2582896,公司,安徽利民生物科技股份有限公司,,2026-07-14,
2588379,公司,山东高兴新材料股份有限公司,,2026-07-14,
2588730,公司,深圳市鹏煜威科技有限公司,,2026-07-14,
2606624,公司,浙江浮力森林食品有限公司,,2026-07-14,
2606626,公司,厦门茶人岭电子商务有限公司,,2026-07-14,
2606657,公司,山东温声玻璃科技股份有限公司,,2026-07-14,
2606949,公司,广东新金山环保材料股份有限公司,,2026-07-14,
2606951,公司,广州市青怡农业科技股份有限公司,,2026-07-14,
2607002,公司,浙江瑞邦智能装备股份有限公司,,2026-07-14,
2607239,公司,上海源知环境科技股份有限公司,,2026-07-14,
2607268,公司,浙江富源制冷设备股份有限公司,,2026-07-14,
2607272,公司,科荟种业股份有限公司,,2026-07-14,
2607279,公司,威海丰泰新材料科技股份有限公司,,2026-07-14,
2607283,公司,广东南字科技股份有限公司,,2026-07-14,
2607314,公司,江苏威龙智能科技股份有限公司,,2026-07-14,
2607315,公司,江苏沙家浜医药化工装备股份有限公司,,2026-07-14,
2607324,公司,哈尔滨乐松文化发展有限责任公司,,2026-07-14,
2607391,公司,旭成(福建)科技股份有限公司,,2026-07-14,
2607412,公司,深圳市集美新材料股份有限公司,,2026-07-14,
2607431,公司,江苏一万节能科技股份有限公司,,2026-07-14,
2610345,公司,澳至尊国际控股有限公司,,2026-07-14,
2612216,公司,浙江鹏远新材料科技集团股份有限公司,,2026-07-14,
2612229,公司,天津德利得供应链管理股份有限公司,,2026-07-14,
2612383,公司,苏州欧菲特电子股份有限公司,,2026-07-14,
2612396,公司,烟台鲁顺食品股份有限公司,,2026-07-14,
2612453,公司,浙江新力新材料股份有限公司,,2026-07-14,
2612473,公司,三瑞农业科技股份有限公司,,2026-07-14,
2612511,公司,深圳市格雷柏智能装备股份有限公司,,2026-07-14,
2612512,公司,江西源森油茶科技股份有限公司,,2026-07-14,
2612551,公司,江苏紫山生物股份有限公司,,2026-07-14,
2612566,公司,长沙一派直驱科技股份有限公司,,2026-07-14,
267052,公司,长寿花食品股份有限公司,,2026-07-14,
267104,公司,晨光生物科技集团股份有限公司,,2026-07-14,
267514,公司,湛江国联水产开发股份有限公司,,2026-07-14,
268254,公司,深圳市神州通投资集团有限公司,,2026-07-14,
268839,公司,亚洲果业控股有限公司,,2026-07-14,
268867,公司,吉峰三农科技服务股份有限公司,,2026-07-14,
269012,公司,临海市政耀产业发展集团有限公司,,2026-07-14,
2694404,公司,泰璞(上海)电子商务股份有限公司,,2026-07-14,
2697193,公司,无锡韵成塑料包装有限公司,,2026-07-14,
2707925,公司,苏州丰泽塑业有限公司,,2026-07-14,
2714512,公司,苏州悦泰国际物流股份有限公司,,2026-07-14,
2714521,公司,湖南棓雅生物科技有限公司,,2026-07-14,
2731650,公司,福建省格兰尼生物工程股份有限公司,,2026-07-14,
2731927,公司,深圳市三上高分子环保新材料股份有限公司,,2026-07-14,
2769548,公司,浙江惠嘉生物科技股份有限公司,,2026-07-14,
2769565,公司,贵州五福坊食品(集团)股份有限公司,,2026-07-14,
2769593,公司,汕头市潮庭食品股份有限公司,,2026-07-14,
2769596,公司,深圳市亚风快运股份有限公司,,2026-07-14,
2769674,公司,广东容大生物股份有限公司,,2026-07-14,
2769880,公司,杨凌秦岭山现代农业股份有限公司,,2026-07-14,
2769958,公司,新乡市高服机械股份有限公司,,2026-07-14,
2769966,公司,浙江星华新材料集团股份有限公司,,2026-07-14,
2770202,公司,安徽省绿福农业科技股份有限公司,,2026-07-14,
2770224,公司,广东华盛铭兔环保科技股份有限公司,,2026-07-14,
2770231,公司,武汉至和天下供应链管理股份有限公司,,2026-07-14,
2770245,公司,东莞市汉维科技股份有限公司,,2026-07-14,
2770265,公司,上海丁义兴食品股份有限公司,,2026-07-14,
2770268,公司,朗华全能自控设备(上海)股份有限公司,,2026-07-14,
2770269,公司,苏州盈茂光电材料股份有限公司,,2026-07-14,
2771187,公司,宁波西磁科技发展股份有限公司,,2026-07-14,
2772605,公司,广东宝贝儿婴童用品股份有限公司,,2026-07-14,
2772723,公司,河南酒便利商业股份有限公司,,2026-07-14,
2774173,公司,江苏华信新材料股份有限公司,,2026-07-14,
2774523,公司,华瑞达包装材料股份有限公司,,2026-07-14,
2775077,公司,黑龙江金象生化有限责任公司,,2026-07-14,
2776691,公司,北京网酒网电子商务股份有限公司,,2026-07-14,
2779236,公司,湖南盈田农业发展股份有限公司,,2026-07-14,
2781979,公司,广东欣涛新材料科技股份有限公司,,2026-07-14,
2782355,公司,黑龙江昊伟农庄食品股份有限公司,,2026-07-14,
278335,公司,国美零售控股有限公司,,2026-07-14,
2785647,公司,河南省鑫贞德有机农业股份有限公司,,2026-07-14,
2785676,公司,广东延春高新材料科技股份有限公司,,2026-07-14,
2785682,公司,安徽紫金新材料科技股份有限公司,,2026-07-14,
2785693,公司,浙江明辉蔬果配送股份有限公司,,2026-07-14,
2785694,公司,湖北康农种业股份有限公司,,2026-07-14,
2785817,公司,弗德里希新能源科技(杭州)股份有限公司,,2026-07-14,
2785818,公司,浙江久晟油茶科技有限公司,,2026-07-14,
2785921,公司,厦门元初食品股份有限公司,,2026-07-14,
2785939,公司,上海良时智能科技股份有限公司,,2026-07-14,
2786057,公司,福建本草春石斛股份有限公司,,2026-07-14,
2786062,公司,山东昊月新材料股份有限公司,,2026-07-14,
2786099,公司,福建佳客来食品股份有限公司,,2026-07-14,
2786110,公司,福建功夫谷股份有限公司,,2026-07-14,
2786308,公司,北京纳兰德科技股份有限公司,,2026-07-14,
2786320,公司,深圳商巨智能设备股份有限公司,,2026-07-14,
2786356,公司,郑州朗润智能装备股份有限公司,,2026-07-14,
2786371,公司,浙江启利兴光可可制品股份有限公司,,2026-07-14,
2786387,公司,上海印克电子商务股份有限公司,,2026-07-14,
2786389,公司,广东同方瑞风节能科技股份有限公司,,2026-07-14,
2786586,公司,杭州郝姆斯食品有限公司,,2026-07-14,
2789663,公司,苏州万盛塑胶科技股份有限公司,,2026-07-14,
2789979,公司,昆山吉山会津塑料工业股份有限公司,,2026-07-14,
2789981,公司,广东天池茶业股份有限公司,,2026-07-14,
2790035,公司,福建坤兴海洋股份有限公司,,2026-07-14,
2795004,公司,青岛益生康健科技股份有限公司,,2026-07-14,
279808,公司,湖北洪湖蓝田水产品开发有限公司,,2026-07-14,
2798920,公司,浙江皇马科技股份有限公司,,2026-07-14,
2799143,公司,宁波乐惠国际工程装备股份有限公司,,2026-07-14,
2799382,公司,宝鸡华誉物流股份有限公司,,2026-07-14,
2799457,公司,宁夏全通枸杞供应链管理股份有限公司,,2026-07-14,
2799990,公司,浙江金海蕴生物股份有限公司,,2026-07-14,
2800104,公司,广州市和兴隆食品科技股份有限公司,,2026-07-14,
2800133,公司,上海永超新材料科技股份有限公司,,2026-07-14,
2803497,公司,新疆金润枣业股份有限公司,,2026-07-14,
2803649,公司,浙江绿脉农业科技股份有限公司,,2026-07-14,
2803656,公司,张家港先锋自动化机械设备股份有限公司,,2026-07-14,
2803670,公司,天津三卓韩一橡塑科技股份有限公司,,2026-07-14,
2803681,公司,江苏安凯特科技股份有限公司,,2026-07-14,
2803725,公司,宁波淘淘羊国际贸易股份有限公司,,2026-07-14,
2803727,公司,上海玉城高分子材料股份有限公司,,2026-07-14,
2803973,公司,广东粤辉科技股份有限公司,,2026-07-14,
2804924,公司,赤峰凌志食品有限公司,,2026-07-14,
2807022,公司,浙江艾格生物科技股份有限公司,,2026-07-14,
280709,公司,新疆塔里木河种业股份有限公司,,2026-07-14,
280892,公司,顿汉布什(中国)工业有限公司,,2026-07-14,
2813064,公司,贵州玄德生物科技股份有限公司,,2026-07-14,
281364,公司,粤海广南(集团)有限公司,,2026-07-14,
2814290,公司,无锡市太平洋新材料股份有限公司,,2026-07-14,
2814291,公司,天津市天缘电工材料股份有限公司,,2026-07-14,
2814298,公司,福建铭冠板业科技股份有限公司,,2026-07-14,
2819887,公司,山东德鲁泰信息科技股份有限公司,,2026-07-14,
2820037,公司,衣之家商业管理股份有限公司,,2026-07-14,
2820070,公司,广东金易科技股份有限公司,,2026-07-14,
2820085,公司,无锡和烁丰科技集团股份有限公司,,2026-07-14,
2820091,公司,成都至诚华天复合材料股份有限公司,,2026-07-14,
282091,公司,信义玻璃控股有限公司,,2026-07-14,
282585,公司,大连冰山帕特技术有限公司,,2026-07-14,
2827928,公司,深圳市活力天汇科技股份有限公司,,2026-07-14,
2830321,公司,福建东水食品股份有限公司,,2026-07-14,
2830325,公司,广东伟达智能装备股份有限公司,,2026-07-14,
2830340,公司,精为天生态农业股份有限公司,,2026-07-14,
2830757,公司,湖南津之源食品科技股份有限公司,,2026-07-14,
2831529,公司,哈尔滨岛田大鹏工业股份有限公司,,2026-07-14,
2837207,公司,利福中国集团有限公司,,2026-07-14,
2837224,公司,北京田园婆婆商贸股份有限公司,,2026-07-14,
2837225,公司,安徽省天麒面业科技股份有限公司,,2026-07-14,
2837316,公司,广东圣帕新材料股份有限公司,,2026-07-14,
2837326,公司,杭州简品食品股份有限公司,,2026-07-14,
2837335,公司,北京乐汇天成电子商务股份有限公司,,2026-07-14,
2837413,公司,新黎明科技股份有限公司,,2026-07-14,
283791,公司,宁波中百股份有限公司,,2026-07-14,
284251,公司,浙江大农实业股份有限公司,,2026-07-14,
2843223,公司,甘肃三宝农业科技发展股份有限公司,,2026-07-14,
2843307,公司,浙江万盾制冷股份有限公司,,2026-07-14,
2843310,公司,深圳市德富莱智能科技股份有限公司,,2026-07-14,
2843356,公司,广东壹豪新材料科技股份有限公司,,2026-07-14,
2843377,公司,盘锦海兴科技股份有限公司,,2026-07-14,
2843391,公司,武汉欧康诺电子科技股份有限公司,,2026-07-14,
2843396,公司,无锡沃格自动化科技股份有限公司,,2026-07-14,
2843402,公司,辽宁金旭特种玻璃科技股份有限公司,,2026-07-14,
2843405,公司,深圳市中航大记股份有限公司,,2026-07-14,
2843408,公司,昆山佰奥智能装备股份有限公司,,2026-07-14,
2843434,公司,内蒙古伊赫塔拉牧业股份有限公司,,2026-07-14,
2843437,公司,浙江联盛化学股份有限公司,,2026-07-14,
2843465,公司,广东亿鑫丰智能装备股份有限公司,,2026-07-14,
2843466,公司,山东嘉华生物科技股份有限公司,,2026-07-14,
2843472,公司,天津中科逸达物流有限公司,,2026-07-14,
2843566,公司,浙江华立智能装备股份有限公司,,2026-07-14,
2843631,公司,宁夏万齐农业股份有限公司,,2026-07-14,
2843634,公司,深圳市诺安智能股份有限公司,,2026-07-14,
2843639,公司,宁波保税区正正电子商务股份有限公司,,2026-07-14,
2843643,公司,呈和科技股份有限公司,,2026-07-14,
2843654,公司,敦化市福兴粮油股份有限公司,,2026-07-14,
2843719,公司,安庆新雪莲生物科技股份有限公司,,2026-07-14,
2843724,公司,湖南安福环保科技股份有限公司,,2026-07-14,
2843805,公司,安徽银锐智能科技股份有限公司,,2026-07-14,
2843807,公司,福建环海生物科技股份有限公司,,2026-07-14,
2843809,公司,河北沃土种业股份有限公司,,2026-07-14,
2843833,公司,广东新纪源复合材料股份有限公司,,2026-07-14,
2843838,公司,黄山东仁新材料股份有限公司,,2026-07-14,
2843895,公司,广东吉邦士新材料股份有限公司,,2026-07-14,
2843914,公司,北京爵维科技股份有限公司,,2026-07-14,
2843919,公司,江苏苏力机械股份有限公司,,2026-07-14,
2843922,公司,福建沃美综合物流股份有限公司,,2026-07-14,
2843938,公司,广东金兴机械股份有限公司,,2026-07-14,
2843942,公司,广东金添动漫股份有限公司,,2026-07-14,
2844166,公司,常州荣创自动化股份有限公司,,2026-07-14,
2844189,公司,上海贯康健康科技股份有限公司,,2026-07-14,
2844215,公司,云南天行健营销服务股份有限公司,,2026-07-14,
2844248,公司,济宁鸿润食品股份有限公司,,2026-07-14,
2844252,公司,链酒科技(北京)股份有限公司,,2026-07-14,
2844324,公司,佛山沃顿装备技术股份有限公司,,2026-07-14,
2844340,公司,常州永盛新材料装备股份有限公司,,2026-07-14,
2844397,公司,深圳市普利凯新材料股份有限公司,,2026-07-14,
2844398,公司,北京天时恒生网络股份有限公司,,2026-07-14,
2844478,公司,苏州启阳新材料科技股份有限公司,,2026-07-14,
2844491,公司,北京纯聚科技股份有限公司,,2026-07-14,
2844503,公司,辽宁仁达食品股份有限公司,,2026-07-14,
2844581,公司,艾米利亚(大连)股份有限公司,,2026-07-14,
2844586,公司,安徽华运超市股份有限公司,,2026-07-14,
2844589,公司,深圳价之链跨境电商有限公司,,2026-07-14,
2844629,公司,河南喜世食品有限公司,,2026-07-14,
2844643,公司,重庆世开物流股份有限公司,,2026-07-14,
2844651,公司,陕西大唐种业股份有限公司,,2026-07-14,
2844657,公司,广州瑞远新材料股份有限公司,,2026-07-14,
2844673,公司,江苏一号农场科技股份有限公司,,2026-07-14,
2844685,公司,四川牧天食品股份有限公司,,2026-07-14,
2844698,公司,宁波瑞星时光商业股份有限公司,,2026-07-14,
2844713,公司,蚌埠天成包装科技股份有限公司,,2026-07-14,
2844740,公司,浙江卓航物流有限公司,,2026-07-14,
2844778,公司,安徽省抱儿钟秀茶业股份有限公司,,2026-07-14,
2844796,公司,绿爱控股股份有限公司,,2026-07-14,
2844798,公司,广州凌玮科技股份有限公司,,2026-07-14,
284513,公司,南京聚隆科技股份有限公司,,2026-07-14,
285213,公司,沈阳商业城股份有限公司,,2026-07-14,
285215,公司,银川新华百货商业集团股份有限公司,,2026-07-14,
285310,公司,上海百联集团股份有限公司,,2026-07-14,
285412,公司,江阴中达软塑新材料股份有限公司,,2026-07-14,
285465,公司,王府井集团股份有限公司,,2026-07-14,
285473,公司,长沙通程控股股份有限公司,,2026-07-14,
285493,公司,广西农投糖业集团股份有限公司,,2026-07-14,
285533,公司,上海百联集团股份有限公司(注销),,2026-07-14,
285555,公司,哈尔滨空调股份有限公司,,2026-07-14,
285562,公司,银座集团股份有限公司,,2026-07-14,
285564,公司,袁隆平农业高科技股份有限公司,,2026-07-14,
285575,公司,北京首商集团股份有限公司,,2026-07-14,
285577,公司,中广核核技术发展股份有限公司,,2026-07-14,
285615,公司,上海开创国际海洋资源股份有限公司,,2026-07-14,
285637,公司,大湖健康产业股份有限公司,,2026-07-14,
285661,公司,航天晨光股份有限公司,,2026-07-14,
285680,公司,上海耀皮玻璃集团股份有限公司,,2026-07-14,
285682,公司,百大集团股份有限公司,,2026-07-14,
2856867,公司,福建省平潭县远洋渔业集团有限公司,,2026-07-14,
285695,公司,上海九百股份有限公司,,2026-07-14,
285747,公司,无锡商业大厦大东方股份有限公司,,2026-07-14,
285754,公司,中水集团远洋股份有限公司,,2026-07-14,
285756,公司,上海光明肉业集团股份有限公司,,2026-07-14,
285823,公司,重庆重百科技集团股份有限公司,,2026-07-14,
285826,公司,金健米业股份有限公司,,2026-07-14,
285841,公司,中农发种业集团股份有限公司,,2026-07-14,
285863,公司,冰山冷热科技股份有限公司,,2026-07-14,
285866,公司,海南京粮控股股份有限公司,,2026-07-14,
285920,公司,湖北武昌鱼股份有限公司,,2026-07-14,
285933,公司,冰轮环境技术股份有限公司,,2026-07-14,
285979,公司,茂业商业股份有限公司,,2026-07-14,
286036,公司,黑龙江北大荒农业股份有限公司,,2026-07-14,
2860706,公司,广西玉驰智联科技有限公司,,2026-07-14,
286090,公司,山东省中鲁远洋渔业股份有限公司,,2026-07-14,
286144,公司,广东广弘控股股份有限公司,,2026-07-14,
286161,公司,中百控股集团股份有限公司,,2026-07-14,
286231,公司,兰州丽尚国潮实业集团股份有限公司,,2026-07-14,
2862373,公司,江苏元泰智能科技股份有限公司,,2026-07-14,
286289,公司,山东金晶科技股份有限公司,,2026-07-14,
286303,公司,大连友谊(集团)股份有限公司,,2026-07-14,
286305,公司,武商集团股份有限公司,,2026-07-14,
286376,公司,新疆塔里木农业综合开发股份有限公司,,2026-07-14,
286379,公司,合肥百货大楼集团股份有限公司,,2026-07-14,
286401,公司,深圳市深粮控股股份有限公司,,2026-07-14,
286421,公司,福建东百集团股份有限公司,,2026-07-14,
286424,公司,中化装备科技(青岛)股份有限公司,,2026-07-14,
286474,公司,湖北洪湖生态农业股份有限公司,,2026-07-14,
286516,公司,南京中央商场(集团)股份有限公司,,2026-07-14,
286536,公司,北京华联商厦股份有限公司,,2026-07-14,
286567,公司,中粮糖业控股股份有限公司,,2026-07-14,
286568,公司,南宁百货大楼股份有限公司,,2026-07-14,
286576,公司,上海新世界股份有限公司,,2026-07-14,
286595,公司,河南双汇投资发展股份有限公司,,2026-07-14,
286616,公司,包头华资实业股份有限公司,,2026-07-14,
286626,公司,长春欧亚集团股份有限公司,,2026-07-14,
286661,公司,万向德农股份有限公司,,2026-07-14,
286695,公司,中粮生物科技股份有限公司,,2026-07-14,
2867043,公司,四川雅茶控股集团有限公司,,2026-07-14,
286722,公司,国投丰乐种业股份有限公司,,2026-07-14,
286766,公司,中基健康产业股份有限公司,,2026-07-14,
286780,公司,上海益民商业集团股份有限公司,,2026-07-14,
286785,公司,大商股份有限公司,,2026-07-14,
2868216,公司,山东福洋生物科技股份有限公司,,2026-07-14,
2868431,公司,湖北合强机械发展股份有限公司,,2026-07-14,
2868440,公司,天津三英精密仪器股份有限公司,,2026-07-14,
2868457,公司,广州市聚赛龙工程塑料股份有限公司,,2026-07-14,
2868489,公司,江苏康杰机械股份有限公司,,2026-07-14,
2868494,公司,台州吉谷胶业股份有限公司,,2026-07-14,
2868530,公司,江苏香如生物科技股份有限公司,,2026-07-14,
286855,公司,产投三佳(安徽)科技股份有限公司,,2026-07-14,
2868623,公司,山东健源生物工程股份有限公司,,2026-07-14,
2868775,公司,北京航宇荣康科技股份有限公司,,2026-07-14,
2868902,公司,广东汇兴精工智造股份有限公司,,2026-07-14,
2869794,公司,江苏鸿轩生态农业有限公司,,2026-07-14,
2870958,公司,珠海华冠科技股份有限公司,,2026-07-14,
2871848,公司,如意情生物科技股份有限公司,,2026-07-14,
287327,公司,甘肃省敦煌种业集团股份有限公司,,2026-07-14,
287743,公司,浙江盾安禾田金属有限公司,,2026-07-14,
2878266,公司,湖北一致魔芋生物科技股份有限公司,,2026-07-14,
2878271,公司,上海沥高科技股份有限公司,,2026-07-14,
2878276,公司,无锡中星新材料科技股份有限公司,,2026-07-14,
2878897,公司,中粮家佳康食品有限公司,,2026-07-14,
287957,公司,杭州解百集团股份有限公司,,2026-07-14,
288033,公司,湖北三峡新型建材股份有限公司,,2026-07-14,
2880382,公司,中国万天控股有限公司,,2026-07-14,
2882387,公司,天津森罗科技股份有限公司,,2026-07-14,
2882390,公司,苏州欧福蛋业股份有限公司,,2026-07-14,
2882398,公司,浙江奥奇食品股份有限公司,,2026-07-14,
2882507,公司,深圳市鲜动生活股份有限公司,,2026-07-14,
2882518,公司,浙江南晶玻璃科技股份有限公司,,2026-07-14,
2882519,公司,山西宏光医用玻璃股份有限公司,,2026-07-14,
2882602,公司,常州春水堂健康科技股份有限公司,,2026-07-14,
2882604,公司,苏州康鸿智能装备股份有限公司,,2026-07-14,
2882663,公司,江苏昇和新材料科技股份有限公司,,2026-07-14,
2882682,公司,北京和海益制冷科技股份有限公司,,2026-07-14,
2882693,公司,武汉嘉铭激光股份有限公司,,2026-07-14,
288529,公司,佳华百货控股有限公司,,2026-07-14,
288935,公司,新疆生产建设兵团国有资产经营有限责任公司,,2026-07-14,
288962,公司,亨泰消费品集团有限公司,,2026-07-14,
289327,公司,利亚零售有限公司,,2026-07-14,
289551,公司,海天国际控股有限公司,,2026-07-14,
289633,公司,科达制造股份有限公司,,2026-07-14,
2896874,公司,江西晟琪科技股份有限公司,,2026-07-14,
2896888,公司,焦作康利达食品股份有限公司,,2026-07-14,
2897026,公司,佳乐宝食品股份有限公司,,2026-07-14,
291505,公司,茂业国际控股有限公司,,2026-07-14,
292082,公司,大成玉米集团有限公司,,2026-07-14,
2923799,公司,广东唯诺冠动漫食品股份有限公司,,2026-07-14,
2923893,公司,内蒙古昶辉生物科技股份有限公司,,2026-07-14,
2923898,公司,宁夏荣盛商业连锁股份有限公司,,2026-07-14,
2923986,公司,上海轶峰新材料股份有限公司,,2026-07-14,
2924077,公司,河北天天智慧商业连锁股份有限公司,,2026-07-14,
2924108,公司,浙江柚香谷控股股份有限公司,,2026-07-14,
2924110,公司,浙江鹿草堂健康科技股份有限公司,,2026-07-14,
2924267,公司,恒丰泰精密机械股份有限公司,,2026-07-14,
2924276,公司,广之益农业股份有限公司,,2026-07-14,
2924373,公司,江苏金力鸿供应链管理股份有限公司,,2026-07-14,
2924385,公司,江西博莱农业高科技股份有限公司,,2026-07-14,
2924390,公司,江西瑞尔泰控制工程股份有限公司,,2026-07-14,
2924439,公司,常州贺斯特科技股份有限公司,,2026-07-14,
2924441,公司,安徽柏兆记食品股份有限公司,,2026-07-14,
2924446,公司,安徽合益食品股份有限公司,,2026-07-14,
2924496,公司,福建绿田股份有限公司,,2026-07-14,
2924507,公司,深圳源明杰科技股份有限公司,,2026-07-14,
2924523,公司,上海大牧汗食品股份有限公司,,2026-07-14,
2924532,公司,浙江索瑞科技有限公司,,2026-07-14,
2924545,公司,厦门恒利来信息技术股份有限公司,,2026-07-14,
2924555,公司,苏州黑盾环境股份有限公司,,2026-07-14,
2924578,公司,山西百澳智能玻璃股份有限公司,,2026-07-14,
2924598,公司,重庆沁旭熊猫雷笋股份有限公司,,2026-07-14,
292506,公司,海控三鑫(蚌埠)新能源材料有限公司,,2026-07-14,
2928781,公司,广东展翠食品股份有限公司,,2026-07-14,
2932469,公司,伟本智能机电(上海)股份有限公司,,2026-07-14,
294007,公司,CEC国际控股有限公司,,2026-07-14,
2940587,公司,深圳市华成工业控制股份有限公司,,2026-07-14,
2943040,公司,合肥燕庄食用油有限责任公司,,2026-07-14,
294357,公司,北京王府井国际商业发展有限公司,,2026-07-14,
2947165,公司,上海伟隆机械设备股份有限公司,,2026-07-14,
294943,公司,武汉新华扬生物股份有限公司,,2026-07-14,
295106,公司,中国淀粉控股有限公司,,2026-07-14,
295191,公司,步步高商业连锁股份有限公司,,2026-07-14,
2952462,公司,江西润心科技股份有限公司,,2026-07-14,
2954094,公司,山东雪榕生物科技有限公司,,2026-07-14,
295576,公司,国投中鲁果汁股份有限公司,,2026-07-14,
2955991,公司,天津市大林新材料科技股份有限公司,,2026-07-14,
2956088,公司,宁波飞润海洋生物科技股份有限公司,,2026-07-14,
2956304,公司,华威粘结材料(上海)股份有限公司,,2026-07-14,
2956393,公司,浙江香海食品股份有限公司,,2026-07-14,
2956394,公司,锦州亿仕达石英新材料股份有限公司,,2026-07-14,
2956404,公司,美灵宝现代农业股份有限公司,,2026-07-14,
2956702,公司,杭州网娘电子商务股份有限公司,,2026-07-14,
2956721,公司,广东顺力智能物流装备股份有限公司,,2026-07-14,
2956726,公司,苏州永联天天鲜配送股份有限公司,,2026-07-14,
2956759,公司,广东宾豪科技股份有限公司,,2026-07-14,
2956767,公司,河南腾飞高分子复合材料股份有限公司,,2026-07-14,
2956959,公司,南京味洲航空食品股份有限公司,,2026-07-14,
2956964,公司,甘肃陇萃堂营养保健食品股份有限公司,,2026-07-14,
2957001,公司,上海龙达塑料科技股份有限公司,,2026-07-14,
2957047,公司,福建省沈郎油茶股份有限公司,,2026-07-14,
2957048,公司,上海盈达空调设备股份有限公司,,2026-07-14,
2957561,公司,昆山恒光塑胶股份有限公司,,2026-07-14,
2957572,公司,吉林省一机分离机械制造股份有限公司,,2026-07-14,
2957599,公司,山东巴罗克生物科技股份有限公司,,2026-07-14,
2957632,公司,山西太康高科节能股份有限公司,,2026-07-14,
2957636,公司,安徽荷金来农业发展股份有限公司,,2026-07-14,
295992,公司,明辉国际控股有限公司,,2026-07-14,
296562,公司,滕州金晶玻璃有限公司,,2026-07-14,
2972078,公司,茂名市电白发展集团有限公司,,2026-07-14,
2973588,公司,大庆华洋数码彩印有限公司,,2026-07-14,
2978495,公司,石家庄巨力科技股份有限公司,,2026-07-14,
2978497,公司,东营新山海奥特莱斯商业管理有限公司,,2026-07-14,
2978506,公司,安徽宇宁果胶股份有限公司,,2026-07-14,
2978531,公司,广东恺斯铭实业控股有限公司,,2026-07-14,
2978571,公司,重庆富贵万年新材料股份有限公司,,2026-07-14,
2978581,公司,成都鹏翔运通物流有限公司,,2026-07-14,
2978723,公司,浙江蜂联生物科技有限公司,,2026-07-14,
2978737,公司,深圳市新良田科技股份有限公司,,2026-07-14,
2978775,公司,广东乐善智能装备股份有限公司,,2026-07-14,
2978800,公司,湖北仕外田源网商股份有限公司,,2026-07-14,
2978814,公司,芜湖华海生物科技股份有限公司,,2026-07-14,
2978816,公司,浙江中孚环境设备股份有限公司,,2026-07-14,
2978841,公司,江西盛态粮食股份有限公司,,2026-07-14,
2978846,公司,北京泰和佳科技股份有限公司,,2026-07-14,
2978871,公司,深圳万方网络股份有限公司,,2026-07-14,
2991901,公司,广东便捷神科技股份有限公司,,2026-07-14,
299286,公司,永旺(香港)百货有限公司,,2026-07-14,
2994014,公司,福建闽威实业股份有限公司,,2026-07-14,
2994195,公司,厦门清雅源科技有限公司,,2026-07-14,
2994232,公司,江苏先卓食品科技股份有限公司,,2026-07-14,
2994321,公司,海南希源生态农业股份有限公司,,2026-07-14,
299433,公司,中国玻璃控股有限公司,,2026-07-14,
2994544,公司,高地股份有限公司,,2026-07-14,
2994953,公司,景德镇陶邑文化发展有限公司,,2026-07-14,
299774,公司,山东好当家海洋发展股份有限公司,,2026-07-14,
300656,公司,金源发展国际实业有限公司,,2026-07-14,
300780,公司,保龄宝生物股份有限公司,,2026-07-14,
301239,公司,上海史密富智能装备股份有限公司,,2026-07-14,
30126331,公司,山东源邦新材料股份有限公司,,2026-07-14,
3013406,公司,亚洲富思集团控股有限公司,,2026-07-14,
301903,公司,广东美的制冷设备有限公司,,2026-07-14,
3019709,公司,安徽鑫民玻璃股份有限公司,,2026-07-14,
3021894,公司,江苏大丰华丰种业股份有限公司,,2026-07-14,
302245,公司,南顺(香港)有限公司,,2026-07-14,
302868,公司,山东安德利集团有限公司,,2026-07-14,
303584,公司,北京鹫峰科技开发股份有限公司,,2026-07-14,
3036698,公司,浙江沐家家居股份有限公司,,2026-07-14,
3037488,公司,上海旭梅食品科技股份有限公司,,2026-07-14,
3038096,公司,富诺健康股份有限公司,,2026-07-14,
3038104,公司,河南鱼麦堂农业科技股份有限公司,,2026-07-14,
3038157,公司,乾丰供应链(上海)股份有限公司,,2026-07-14,
3038274,公司,苏州穿山甲机器人股份有限公司,,2026-07-14,
3038278,公司,天津海宏科技股份有限公司,,2026-07-14,
3038290,公司,浙江荣舟海洋产业股份有限公司,,2026-07-14,
3042580,公司,平太荣远洋渔业集团有限公司,,2026-07-14,
304471,公司,中国绿色食品(控股)有限公司,,2026-07-14,
3045138,公司,上海优壹电子商务有限公司,,2026-07-14,
3045139,公司,山西新元太生物科技股份有限公司,,2026-07-14,
306177,公司,清芝融科商用机器股份有限公司,,2026-07-14,
307320,公司,杭州联华华商集团有限公司,,2026-07-14,
308509,公司,华泰集团有限公司,,2026-07-14,
308592,公司,烟台北方安德利果汁股份有限公司,,2026-07-14,
309180,公司,太和控股有限公司,,2026-07-14,
309521,公司,中建材玻璃新材料研究院集团有限公司,,2026-07-14,
31058356,公司,广东兴盛迪科技股份有限公司,,2026-07-14,
310614,公司,恒基兆业发展有限公司,,2026-07-14,
311859,公司,青岛澳柯玛新材料有限责任公司,,2026-07-14,
312782,公司,獐子岛集团股份有限公司,,2026-07-14,
312913,公司,联华超市股份有限公司,,2026-07-14,
313078,公司,浙江盾安精工集团有限公司,,2026-07-14,
314363,公司,通达(厦门)科技有限公司,,2026-07-14,
315324,公司,广州市广百股份有限公司,,2026-07-14,
315785,公司,北京京客隆商业集团股份有限公司,,2026-07-14,
315887,公司,软控股份有限公司,,2026-07-14,
316189,公司,上海远洋渔业有限公司,,2026-07-14,
316696,公司,永安国际有限公司,,2026-07-14,
317020,公司,彩虹集团有限公司,,2026-07-14,
317029,公司,长沙通程实业(集团)有限公司,,2026-07-14,
317774,公司,山东省商业集团有限公司,,2026-07-14,
318654,公司,中国洛阳浮法玻璃集团有限责任公司,,2026-07-14,
319948,公司,孟州市金玉米有限责任公司,,2026-07-14,
321447,公司,中国中纺集团有限公司,,2026-07-14,
323150,公司,江苏苏豪天鹏农产品集团有限公司,,2026-07-14,
323444,公司,武汉国有资本投资运营集团有限公司,,2026-07-14,
325611,公司,庆安集团有限公司,,2026-07-14,
325785,公司,上海市糖业烟酒(集团)有限公司,,2026-07-14,
325899,公司,深圳茂业商厦有限公司,,2026-07-14,
3262225,公司,新疆天宇能源科技发展有限公司,,2026-07-14,
3264195,公司,山东香驰健源生物科技有限公司,,2026-07-14,
326439,公司,中集安瑞醇科技股份有限公司,,2026-07-14,
3264777,公司,四川吉恒食品有限公司,,2026-07-14,
3266133,公司,山东玉鑫环保科技股份有限公司,,2026-07-14,
326684,公司,利福国际集团有限公司,,2026-07-14,
3268469,公司,晶石科技(中国)股份有限公司,,2026-07-14,
3269624,公司,中显智能齐家控股有限公司,,2026-07-14,
3270074,公司,阿巴嘎旗额尔敦食品有限公司,,2026-07-14,
3270075,公司,武汉齐达康环保科技股份有限公司,,2026-07-14,
3270080,公司,黑龙江省北味菌业科技集团股份有限公司,,2026-07-14,
3270217,公司,美泰科技(青岛)股份有限公司,,2026-07-14,
3270231,公司,广东康美风数控设备股份有限公司,,2026-07-14,
3270302,公司,丰润生物科技股份有限公司,,2026-07-14,
3279791,公司,镇江东方山源电热有限公司,,2026-07-14,
3280102,公司,广东伟的新材料股份有限公司,,2026-07-14,
3281760,公司,广东道生科技股份有限公司,,2026-07-14,
3282151,公司,石家庄圣宏达热能工程技术股份有限公司,,2026-07-14,
3282154,公司,上海飞为智能系统股份有限公司,,2026-07-14,
3282755,公司,河南永丰面业股份有限公司,,2026-07-14,
3282995,公司,弥明生活百货控股有限公司,,2026-07-14,
3283975,公司,巴彦淖尔市圣牧高科生态草业有限公司,,2026-07-14,
3284025,公司,浙江华谌科技有限公司,,2026-07-14,
3284050,公司,江苏伊维达智能科技股份有限公司,,2026-07-14,
3284162,公司,上海大茂晟科技股份有限公司,,2026-07-14,
328950,公司,浙江大东南集团有限公司,,2026-07-14,
329036,公司,新疆赛里木现代农业股份有限公司,,2026-07-14,
329152,公司,超大现代农业(控股)有限公司,,2026-07-14,
3293738,公司,山东凤祥股份有限公司,,2026-07-14,
329605,公司,浙江海正生物材料股份有限公司,,2026-07-14,
330186,公司,河南省漯河市双汇实业集团有限责任公司,,2026-07-14,
330469,公司,中国海升果汁控股有限公司,,2026-07-14,
3306720,公司,新疆吐鲁番果业有限公司,,2026-07-14,
3308033,公司,福建南平太阳高新材料有限公司,,2026-07-14,
3316120,公司,漳州绿州农业发展股份有限公司,,2026-07-14,
3317339,公司,宁波吉象塑胶科技股份有限公司,,2026-07-14,
3317340,公司,吉林唐豆豆食品股份有限公司,,2026-07-14,
3317349,公司,广州达茵新型材料股份有限公司,,2026-07-14,
3317505,公司,广州中设机器人智能装备股份有限公司,,2026-07-14,
3317720,公司,安徽信盟装备股份有限公司,,2026-07-14,
3319153,公司,中邮科技股份有限公司,,2026-07-14,
3320132,公司,运兴泰集团控股有限公司,,2026-07-14,
3320591,公司,天津福臻工业装备有限公司,,2026-07-14,
332131,公司,武汉商联(集团)股份有限公司,,2026-07-14,
3322204,公司,湖南元亨科技股份有限公司,,2026-07-14,
3329070,公司,南京肯特复合材料股份有限公司,,2026-07-14,
333138,公司,上海汉钟精机股份有限公司,,2026-07-14,
3336300,公司,椰丰集团有限公司,,2026-07-14,
3336302,公司,信良记食品科技(北京)有限公司,,2026-07-14,
333893,公司,江苏恒达时代科技股份有限公司,,2026-07-14,
334046,公司,无锡环宇包装材料有限公司,,2026-07-14,
334219,公司,山东胜邦塑胶有限公司,,2026-07-14,
3342650,公司,山东迪森生物科技有限公司,,2026-07-14,
3346154,公司,台州银泰商业有限公司,,2026-07-14,
3347576,公司,深圳市宝盛自动化设备有限公司,,2026-07-14,
334776,公司,香港食品投资控股有限公司,,2026-07-14,
3348386,公司,Cool Link (Holdings) Limited,,2026-07-14,
3349696,公司,福建路通管业科技股份有限公司,,2026-07-14,
3355936,公司,广东汇伟塑胶股份有限公司,,2026-07-14,
3355938,公司,滨州隆鑫天润食品股份有限公司,,2026-07-14,
3355950,公司,厦门娜其尔生物科技股份有限公司,,2026-07-14,
3355951,公司,江苏良友正大股份有限公司,,2026-07-14,
3356184,公司,山东东阿百年堂阿胶生物制品股份有限公司,,2026-07-14,
3356219,公司,江西正味食品有限公司,,2026-07-14,
3356229,公司,东莞市森泰玻璃科技股份有限公司,,2026-07-14,
3356268,公司,江苏普莱克红梅色母料股份有限公司,,2026-07-14,
3356274,公司,张家港福吉佳食品股份有限公司,,2026-07-14,
3356343,公司,广东南亮艺术玻璃科技股份有限公司,,2026-07-14,
3356550,公司,福建清铧茶业股份有限公司,,2026-07-14,
3356573,公司,广州莱因智能装备股份有限公司,,2026-07-14,
3356574,公司,贵州博联茶业股份有限公司,,2026-07-14,
3356652,公司,洋浦华良物流有限公司,,2026-07-14,
3356657,公司,江苏味巴哥食品股份有限公司,,2026-07-14,
3356802,公司,佛山光腾新能源股份有限公司,,2026-07-14,
3356809,公司,广东格瑞新材料股份有限公司,,2026-07-14,
3360412,公司,苏州市和科达超声设备有限公司,,2026-07-14,
336265,公司,百联集团有限公司,,2026-07-14,
336408,公司,至源控股有限公司,,2026-07-14,
3368473,公司,苏州富顺新型包装材料股份有限公司,,2026-07-14,
337243,公司,上海华峰超纤科技股份有限公司,,2026-07-14,
337417,公司,大成生化科技集团有限公司,,2026-07-14,
3374932,公司,广东技塑新材料股份有限公司,,2026-07-14,
3374936,公司,广东雅琪生物科技股份有限公司,,2026-07-14,
3380877,公司,大洋环球控股有限公司,,2026-07-14,
3383436,公司,渤海水产股份有限公司,,2026-07-14,
3385494,公司,乐昌市沃府新材料有限公司,,2026-07-14,
338636,公司,北京新华空港航空食品有限公司,,2026-07-14,
338701,公司,鲜驰达控股集团有限公司,,2026-07-14,
3387194,公司,天津市双马香精香料股份有限公司,,2026-07-14,
338850,公司,中国雨润食品集团有限公司,,2026-07-14,
3388807,公司,长沙天野有机农业有限责任公司,,2026-07-14,
3390052,公司,广东百拓科技发展股份有限公司,,2026-07-14,
3390070,公司,南京索尔玻璃科技股份有限公司,,2026-07-14,
3390073,公司,杭州博可生物科技股份有限公司,,2026-07-14,
3390887,公司,安康荣泰农业科技股份有限公司,,2026-07-14,
3390910,公司,黑龙江省四宝生物科技股份有限公司,,2026-07-14,
339260,公司,浙江精工集成科技股份有限公司,,2026-07-14,
339355,公司,中国水产舟山海洋渔业制品有限公司,,2026-07-14,
3394674,公司,中集安瑞科投资控股(深圳)有限公司,,2026-07-14,
339625,公司,深圳市三鑫精美特玻璃有限公司,,2026-07-14,
3396592,公司,连云港大吉塑业有限公司,,2026-07-14,
3396603,公司,苏州瑞高新材料股份有限公司,,2026-07-14,
339808,公司,卓悦控股有限公司,,2026-07-14,
3399610,公司,震坤行工业超市(上海)有限公司,,2026-07-14,
340024,公司,新世界百货中国有限公司,,2026-07-14,
341228,公司,中国汇源果汁集团有限公司,,2026-07-14,
3415404,公司,江苏百思福科技股份有限公司,,2026-07-14,
3417997,公司,禾朗食品南通有限公司,,2026-07-14,
3420350,公司,广东真美食品股份有限公司,,2026-07-14,
342247,公司,海南神农种业科技股份有限公司,,2026-07-14,
3424354,公司,江门丽宫侨宝陈皮健康产业发展股份有限公司,,2026-07-14,
3426157,公司,秦皇岛慈生堂食品股份有限公司,,2026-07-14,
3426322,公司,安徽徽生源生物科技股份有限公司,,2026-07-14,
3426363,公司,山西东方亮生命科技股份有限公司,,2026-07-14,
342704,公司,中国电器科学研究院股份有限公司,,2026-07-14,
3427477,公司,山东名流泵业科技股份有限公司,,2026-07-14,
3427480,公司,大连御龙生态渔业股份有限公司,,2026-07-14,
343334,公司,步步高投资集团股份有限公司,,2026-07-14,
343421,公司,北京物美商业集团股份有限公司,,2026-07-14,
343541,公司,红楼集团有限公司,,2026-07-14,
34402992,公司,苏州美昱新材料股份有限公司,,2026-07-14,
344092,公司,金发科技股份有限公司,,2026-07-14,
344219,公司,山东东方海洋集团有限公司,,2026-07-14,
344441,公司,先施有限公司,,2026-07-14,
345014,公司,坚宝国际控股有限公司,,2026-07-14,
345778,公司,秦皇岛北方玻璃有限公司,,2026-07-14,
346481,公司,国美电器有限公司,,2026-07-14,
346642,公司,广州岭南商旅投资集团有限公司,,2026-07-14,
346651,公司,巨轮智能装备股份有限公司,,2026-07-14,
347758,公司,大连富士冰山自动售货机有限公司,,2026-07-14,
348924,公司,世纪金花商业控股有限公司,,2026-07-14,
349777,公司,金鹰商贸集团有限公司,,2026-07-14,
349945,公司,力宝华润有限公司,,2026-07-14,
350393,公司,深圳市兴龙机械模具有限公司,,2026-07-14,
350750,公司,海航商业控股有限公司,,2026-07-14,
351208,公司,大连微冷食品股份有限公司,,2026-07-14,
351429,公司,百盛商业集团有限公司,,2026-07-14,
351587,公司,沧州明珠塑料股份有限公司,,2026-07-14,
351973,公司,国机通用机械科技股份有限公司,,2026-07-14,
352119,公司,北京华联精品超市有限公司,,2026-07-14,
352562,公司,宝国国际控股有限公司,,2026-07-14,
352675,公司,物美科技集团有限公司,,2026-07-14,
354858,公司,江西海源复合材料科技股份有限公司,,2026-07-14,
356358,公司,浙江诸暨第一百货有限公司,,2026-07-14,
356832,公司,烟台双塔食品股份有限公司,,2026-07-14,
357430,公司,中国康大食品有限公司,,2026-07-14,
358696,公司,博爱新开源医疗科技集团股份有限公司,,2026-07-14,
359429,公司,深圳赫美集团股份有限公司,,2026-07-14,
360016,公司,湖南友谊阿波罗商业股份有限公司,,2026-07-14,
361947,公司,湖南凯美特气体股份有限公司,,2026-07-14,
361950,公司,江苏百川高科新材料股份有限公司,,2026-07-14,
362361,公司,人人乐连锁商业集团股份有限公司,,2026-07-14,
363100,公司,上海普利特复合材料股份有限公司,,2026-07-14,
363171,公司,上海奇想青晨新材料科技股份有限公司,,2026-07-14,
363332,公司,上海徐家汇商城股份有限公司,,2026-07-14,
363449,公司,益海嘉里金龙鱼食品集团股份有限公司,,2026-07-14,
364310,公司,天虹数科商业股份有限公司,,2026-07-14,
365232,公司,供销大集集团股份有限公司,,2026-07-14,
365234,公司,中国南玻集团股份有限公司,,2026-07-14,
365342,公司,深圳市昌红科技股份有限公司,,2026-07-14,
365383,公司,安徽荃银高科种业股份有限公司,,2026-07-14,
365385,公司,深圳市爱施德股份有限公司,,2026-07-14,
369385,公司,山东得利斯食品股份有限公司,,2026-07-14,
372403,公司,中山凯旋真空科技股份有限公司,,2026-07-14,
372860,公司,康得新复合材料集团股份有限公司,,2026-07-14,
373031,公司,杭氧集团股份有限公司,,2026-07-14,
382074,公司,北京首农食品集团有限公司,,2026-07-14,
382093,公司,山东龙力生物科技股份有限公司,,2026-07-14,
382143,公司,中国奇点国峰控股有限公司,,2026-07-14,
382287,公司,河南天冠企业集团有限公司,,2026-07-14,
382980,公司,浙江中财型材有限责任公司,,2026-07-14,
3966136,公司,宁波长鸿高分子科技股份有限公司,,2026-07-14,
3966601,公司,重庆欧百特冷链科技股份有限公司,,2026-07-14,
3972764,公司,温州温都猫股份有限公司,,2026-07-14,
4047405,公司,石家庄育才药用包装材料股份有限公司,,2026-07-14,
4047424,公司,苏州优备精密智能装备股份有限公司,,2026-07-14,
4047637,公司,泰铂(上海)环保科技股份有限公司,,2026-07-14,
4074378,公司,山东一飞药业股份有限公司,,2026-07-14,
4076375,公司,台州市祥珑食品容器科技股份有限公司,,2026-07-14,
4106689,公司,天津市美瑞克智能装备股份有限公司,,2026-07-14,
4106708,公司,天嘉智能装备制造江苏股份有限公司,,2026-07-14,
4106732,公司,大团结农业股份有限公司,,2026-07-14,
4107792,公司,万成集团股份有限公司,,2026-07-14,
4108759,公司,安徽王子环保技术有限公司,,2026-07-14,
4122364,公司,云南景谷白龙茶业股份有限公司,,2026-07-14,
4122385,公司,权星智控系统工程(上海)股份有限公司,,2026-07-14,
4123061,公司,江西绿源油脂实业有限公司,,2026-07-14,
4123249,公司,深圳市理德铭科技股份有限公司,,2026-07-14,
4125145,公司,辽宁华日高新材料股份有限公司,,2026-07-14,
4126824,公司,锡林郭勒盟羊羊牧业股份有限公司,,2026-07-14,
4126843,公司,江苏金色农业股份有限公司,,2026-07-14,
4126858,公司,浙江大家食品股份有限公司,,2026-07-14,
4126867,公司,河北兄弟伊兰食品科技股份有限公司,,2026-07-14,
4138679,公司,宁波惠康工业科技股份有限公司,,2026-07-14,
4139142,公司,湖州意诺茶业有限公司,,2026-07-14,
4142759,公司,英记茶庄集团有限公司,,2026-07-14,
4149317,公司,上海科泰运输制冷设备有限公司,,2026-07-14,
4153540,公司,岳阳峰岭菁华生态科技股份有限公司,,2026-07-14,
4153616,公司,贵州西南管业股份有限公司,,2026-07-14,
4153844,公司,金华市宏业畜牧养殖有限公司,,2026-07-14,
4154443,公司,湖北巨鹏厨房设备股份有限公司,,2026-07-14,
4154528,公司,濮阳绿宇新材料科技股份有限公司,,2026-07-14,
4158361,公司,杭州坤瑞格拉威宝科技有限公司,,2026-07-14,
416486,公司,洛阳北方玻璃技术股份有限公司,,2026-07-14,
4171341,公司,重庆惠加益粮油食品有限公司,,2026-07-14,
4177382,公司,内蒙古大牧场牧业(集团)有限责任公司,,2026-07-14,
4178373,公司,欣融国际控股有限公司,,2026-07-14,
4179805,公司,深圳市酷凌时代科技有限公司,,2026-07-14,
4180481,公司,上海锐舒电子商务有限公司,,2026-07-14,
4203540,公司,广西大北农农牧食品有限公司,,2026-07-14,
4220949,公司,安徽安浓园艺股份有限公司,,2026-07-14,
4221681,公司,湖南万祺科技有限公司,,2026-07-14,
4222115,公司,湖南洪盛源油茶科技股份有限公司,,2026-07-14,
4222116,公司,青岛三木水产股份有限公司,,2026-07-14,
4223061,公司,杭州爱科科技股份有限公司,,2026-07-14,
4225098,公司,冠县瑞祥生物科技开发有限公司,,2026-07-14,
4226538,公司,江苏斯尔邦石化有限公司,,2026-07-14,
4227017,公司,江苏宏信超市连锁股份有限公司,,2026-07-14,
4227056,公司,海南远生渔业有限公司,,2026-07-14,
4270050,公司,点晶网络(浙江)股份有限公司,,2026-07-14,
427639,公司,河南金博士种业股份有限公司,,2026-07-14,
4316018,公司,金翼食品(吉林)股份有限公司,,2026-07-14,
4316301,公司,重庆新梁产城农业发展有限公司,,2026-07-14,
4511806,公司,苏州鸿基洁净科技股份有限公司,,2026-07-14,
4536301,公司,嘉兴璟宇光电技术有限公司,,2026-07-14,
456922,公司,山东柠檬生化有限公司,,2026-07-14,
4577079,公司,福建正茸农业发展有限公司,,2026-07-14,
4580063,公司,黑龙江蓝海生物蛋白股份公司,,2026-07-14,
469131,公司,湖北省粮油集团有限公司,,2026-07-14,
4703932,公司,国投生物能源(海伦)有限公司,,2026-07-14,
472185,公司,碧生源控股有限公司,,2026-07-14,
473856,公司,江苏德威新材料股份有限公司,,2026-07-14,
474215,公司,金字火腿股份有限公司,,2026-07-14,
4789971,公司,黑龙江中农兴和生物科技股份有限公司,,2026-07-14,
4789975,公司,常德市万路达物流股份有限公司,,2026-07-14,
4791674,公司,安徽恒泰新材料科技股份有限公司,,2026-07-14,
4792267,公司,厦门鹰君生态农业发展股份有限公司,,2026-07-14,
4792268,公司,舟山泰和食品股份有限公司,,2026-07-14,
4793247,公司,四川恒星食品有限公司,,2026-07-14,
4798310,公司,成都易态科技有限公司,,2026-07-14,
4798319,公司,上海山林食品有限公司,,2026-07-14,
4799741,公司,海皇食品(天津)有限公司,,2026-07-14,
4801637,公司,西安每一天便利超市连锁有限公司,,2026-07-14,
4807344,公司,河北首衡农副产品有限公司,,2026-07-14,
480854,公司,云南瑞宝生物科技股份有限公司,,2026-07-14,
4810676,公司,甘肃文祥生态渔业股份有限公司,,2026-07-14,
4813229,公司,山西牧标牛业股份有限公司,,2026-07-14,
481500,公司,宁波奥克斯电气有限公司,,2026-07-14,
483771,公司,江苏文峰集团有限公司,,2026-07-14,
484048,公司,威海中玻新技术玻璃有限公司,,2026-07-14,
489135,公司,江苏华地国际控股集团有限公司,,2026-07-14,
492243,公司,浙江恒逸聚合物有限公司,,2026-07-14,
4935467,公司,厦门燕之屋燕窝产业股份有限公司,,2026-07-14,
493980,公司,合肥美亚光电技术股份有限公司,,2026-07-14,
4944844,公司,厦门快乐番薯股份有限公司,,2026-07-14,
4944969,公司,金磨坊食品股份有限公司,,2026-07-14,
4948890,公司,成都卡乐福高分子材料股份有限公司,,2026-07-14,
4948898,公司,河北双鸽食品集团股份有限公司,,2026-07-14,
4948911,公司,上海强华实业股份有限公司,,2026-07-14,
4948915,公司,江苏灵源沂岸科技股份有限公司,,2026-07-14,
4950209,公司,湖北众诚五六超市有限公司,,2026-07-14,
4950215,公司,味氏(广东)生物科技股份有限公司,,2026-07-14,
4964623,公司,北京金晟时代科技有限责任公司,,2026-07-14,
4966289,公司,杭州易杯食品科技有限公司,,2026-07-14,
4968500,公司,天津市长河药品包装有限公司,,2026-07-14,
4992654,公司,五谷磨房食品国际控股有限公司,,2026-07-14,
5025813,公司,天津恒丰达塑业股份有限公司,,2026-07-14,
5027316,公司,远孚物流集团有限公司,,2026-07-14,
5028274,公司,北京越盛腾电子商务股份有限公司,,2026-07-14,
5039047,公司,广州华糖食品有限公司,,2026-07-14,
5050605,公司,北京格瑞高科科技股份有限公司,,2026-07-14,
505423,公司,浙江祥邦科技股份有限公司,,2026-07-14,
5067938,公司,苏州镒升机器人科技有限公司,,2026-07-14,
5112721,公司,北京湘村高科生态农业有限公司,,2026-07-14,
5160179,公司,纽瑞滋(上海)食品有限公司,,2026-07-14,
5161987,公司,遨森电子商务股份有限公司,,2026-07-14,
5162771,公司,江西正达玻璃股份有限公司,,2026-07-14,
5201976,公司,甘肃农垦天牧乳业有限公司,,2026-07-14,
5202335,公司,广州智特奇生物科技股份有限公司,,2026-07-14,
5202412,公司,苏州瀚川智能科技股份有限公司,,2026-07-14,
520546,公司,内蒙古奈伦农业科技股份有限公司,,2026-07-14,
521122,公司,中国茶叶股份有限公司,,2026-07-14,
521835,公司,凯盛重工有限公司,,2026-07-14,
522206,公司,黑龙江省维多宝食品股份有限公司,,2026-07-14,
5223269,公司,常州华数锦明智能装备技术研究院有限公司,,2026-07-14,
5230662,公司,宁夏华宝枸杞产业有限公司,,2026-07-14,
525366,公司,金鹰国际商贸集团(中国)有限公司,,2026-07-14,
5260908,公司,江苏德晋塑料包装有限公司,,2026-07-14,
5260968,公司,山东博丽玻璃股份有限公司,,2026-07-14,
527234,公司,云南农垦集团有限责任公司,,2026-07-14,
528477,公司,安徽商之都股份有限公司,,2026-07-14,
5301948,公司,宁波汉鸣科技有限公司,,2026-07-14,
5302612,公司,浙江永盛科技有限公司,,2026-07-14,
5302630,公司,浙江天赐泵业股份有限公司,,2026-07-14,
5307728,公司,广西百色润东实业有限公司,,2026-07-14,
5307879,公司,四川茂华食品有限公司,,2026-07-14,
5386585,公司,绍兴兴欣新材料股份有限公司,,2026-07-14,
5387853,公司,江西国光商业连锁股份有限公司,,2026-07-14,
5390710,公司,三河同飞制冷股份有限公司,,2026-07-14,
5390719,公司,四川羽玺新材料股份有限公司,,2026-07-14,
545565,公司,浙江亿利达风机股份有限公司,,2026-07-14,
546607,公司,临海市国有资产投资控股集团有限公司,,2026-07-14,
546883,公司,蚌埠化工机械制造有限公司,,2026-07-14,
546961,公司,无锡兴达泡塑新材料股份有限公司,,2026-07-14,
547031,公司,广州华工百川科技有限公司,,2026-07-14,
547159,公司,南海油脂工业(赤湾)有限公司,,2026-07-14,
547384,公司,华润万家有限公司,,2026-07-14,
548336,公司,秦皇岛金海粮油工业有限公司,,2026-07-14,
549275,公司,山东阿斯德化工有限公司,,2026-07-14,
5493987,公司,安徽共生物流科技有限公司,,2026-07-14,
549844,公司,麦德龙商业集团有限公司,,2026-07-14,
552942,公司,文峰大世界连锁发展股份有限公司,,2026-07-14,
5546440,公司,瑞安市永华包装材料股份有限公司,,2026-07-14,
555958,公司,加西贝拉压缩机有限公司,,2026-07-14,
556208,公司,TCL空调器(中山)有限公司,,2026-07-14,
5563484,公司,江苏鹤乡菊海现代农业产业园发展有限公司,,2026-07-14,
5564379,公司,滁州市博康模具塑料有限公司,,2026-07-14,
5585337,公司,新疆叶河源果业有限公司,,2026-07-14,
560553,公司,江苏省江海粮油集团有限公司,,2026-07-14,
561526,公司,宁波惠康实业有限公司,,2026-07-14,
562660,公司,哥俩好新材料股份有限公司,,2026-07-14,
562759,公司,新疆友好(集团)股份有限公司,,2026-07-14,
565988,公司,浙江丰虹新材料股份有限公司,,2026-07-14,
574032,公司,三江购物俱乐部股份有限公司,,2026-07-14,
57782258,公司,广东华汇智能装备股份有限公司,,2026-07-14,
5797328,公司,威海紫光优健科技股份有限公司,,2026-07-14,
5797331,公司,福建花巷营养科技股份有限公司,,2026-07-14,
585348,公司,浙江新化化工股份有限公司,,2026-07-14,
586226,公司,株洲百货股份有限公司,,2026-07-14,
58896131,公司,江苏正康新材料科技股份有限公司,,2026-07-14,
5896795,公司,修武县伊赛牛肉有限公司,,2026-07-14,
592681,公司,上海徐汇商业(集团)有限公司,,2026-07-14,
5965963,公司,浙江睿高新材料股份有限公司,,2026-07-14,
602133,公司,万凯新材料股份有限公司,,2026-07-14,
602146,公司,北京供销社投资管理中心,,2026-07-14,
6032372,公司,内蒙古敕勒川糖业有限责任公司,,2026-07-14,
6032435,公司,江西科苑生物股份有限公司,,2026-07-14,
603384,公司,宝胜国际(控股)有限公司,,2026-07-14,
6047592,公司,台州唯德包装股份有限公司,,2026-07-14,
6047594,公司,山东奔月生物科技股份有限公司,,2026-07-14,
604849,公司,新疆冠农股份有限公司,,2026-07-14,
6063491,公司,广东东方一哥新材料股份有限公司,,2026-07-14,
607335,公司,北京翠微大厦股份有限公司,,2026-07-14,
6076149,公司,杭州饱嗝电子商务有限公司,,2026-07-14,
607618,公司,中集安瑞科控股有限公司,,2026-07-14,
608793,公司,甘肃亚盛实业(集团)股份有限公司,,2026-07-14,
608888,公司,北京二商集团有限责任公司,,2026-07-14,
608894,公司,成都希望食品有限公司,,2026-07-14,
609373,公司,重庆商业投资集团有限公司,,2026-07-14,
6099886,公司,内蒙古申昊农业科技有限公司,,2026-07-14,
6102819,公司,洛宁超越农业有限公司,,2026-07-14,
6104788,公司,特灵空调系统(中国)有限公司,,2026-07-14,
6105656,公司,无锡天鹏菜篮子工程有限公司,,2026-07-14,
610854,公司,岁宝百货控股(中国)有限公司,,2026-07-14,
610912,公司,西王集团有限公司,,2026-07-14,
611224,公司,成都红旗连锁股份有限公司,,2026-07-14,
6112320,公司,山东鲁华海洋生物科技有限公司,,2026-07-14,
6121827,公司,华夏天信智能物联股份有限公司,,2026-07-14,
6122589,公司,湖北捷瑞玻璃股份有限公司,,2026-07-14,
613933,公司,上海紫江(集团)有限公司,,2026-07-14,
614076,公司,临沂新程金锣肉制品集团有限公司,,2026-07-14,
6149016,公司,华玻视讯(珠海)科技有限公司,,2026-07-14,
6149027,公司,合肥恒通玻璃制品有限责任公司,,2026-07-14,
6198410,公司,上海凯赛生物技术股份有限公司,,2026-07-14,
6214947,公司,南京轩凯生物科技股份有限公司,,2026-07-14,
6224938,公司,上海中镭新材料科技有限公司,,2026-07-14,
6226812,公司,苏州英华特涡旋技术股份有限公司,,2026-07-14,
6232478,公司,马弗橡塑(镇江)有限公司,,2026-07-14,
6233122,公司,苏州斯莱克智能模具制造有限公司,,2026-07-14,
624227,公司,新疆中基红色番茄产业有限公司,,2026-07-14,
6242335,公司,中圣科技(江苏)集团股份有限公司,,2026-07-14,
624513,公司,中兴-沈阳商业大厦(集团)股份有限公司,,2026-07-14,
6246864,公司,宁波惠之星新材料科技股份有限公司,,2026-07-14,
6251430,公司,宁波索宝蛋白科技股份有限公司,,2026-07-14,
6269051,公司,舟山海洋投资集团有限公司,,2026-07-14,
6296860,公司,深圳市道元工业股份有限公司,,2026-07-14,
6305828,公司,珠海精实测控技术股份有限公司,,2026-07-14,
6319680,公司,深圳市铂纳特斯智能装备股份有限公司,,2026-07-14,
6340736,公司,想念食品股份有限公司,,2026-07-14,
6341534,公司,河南丰源和普农牧股份有限公司,,2026-07-14,
6357693,公司,安徽邦瑞新材料科技有限公司,,2026-07-14,
6361354,公司,巴楚县汇富棉业有限公司,,2026-07-14,
6365858,公司,武汉光谷卓越科技股份有限公司,,2026-07-14,
6384370,公司,安徽华甬新材料股份有限公司,,2026-07-14,
640171,公司,青岛渤海农业发展有限公司,,2026-07-14,
640529,公司,黑龙江宾西集团股份有限公司,,2026-07-14,
6405556,公司,海南勤富食品股份有限公司,,2026-07-14,
6405655,公司,湖北农谷巨海薯业科技有限公司,,2026-07-14,
640863,公司,郑州思念食品有限公司,,2026-07-14,
6408712,公司,宁夏志辉实业集团有限公司,,2026-07-14,
641021,公司,安徽富煌三珍食品集团有限公司,,2026-07-14,
6412246,公司,河南省家家宜米业有限公司,,2026-07-14,
6414456,公司,山鹰华中纸业有限公司,,2026-07-14,
6416651,公司,安丘博阳机械制造有限公司,,2026-07-14,
6426628,公司,九三食品股份有限公司,,2026-07-14,
6433226,公司,山西欧亚锦绣实业有限责任公司,,2026-07-14,
6438877,公司,华信食品(山东)集团有限公司,,2026-07-14,
6462810,公司,宁夏金宇浩源农牧业发展有限公司,,2026-07-14,
6464967,公司,粤海永顺泰集团股份有限公司,,2026-07-14,
6467934,公司,广安正邦农牧有限公司,,2026-07-14,
6471213,公司,平舆康博汇鑫油脂有限公司,,2026-07-14,
6472263,公司,青岛朗夫科技股份有限公司,,2026-07-14,
6475302,公司,湖南省中晟热能科技有限公司,,2026-07-14,
6489312,公司,河南志情面业有限责任公司,,2026-07-14,
6489617,公司,北京顺义商业集团有限公司,,2026-07-14,
6504496,公司,宁波勤邦新材料科技股份有限公司,,2026-07-14,
6514205,公司,泸州智通自动化设备有限公司,,2026-07-14,
6523877,公司,扬州阔图制冷设备有限公司,,2026-07-14,
6529774,公司,广东博测达科技股份有限公司,,2026-07-14,
6539236,公司,青岛食安库食品安全科技有限公司,,2026-07-14,
6545222,公司,安徽棋盘塔生态农业股份有限公司,,2026-07-14,
6550117,公司,上海九曳电子商务有限公司,,2026-07-14,
6555775,公司,山东水泊智能装备股份有限公司,,2026-07-14,
6585826,公司,斯图加特航空自动化(青岛)有限公司,,2026-07-14,
6606383,公司,福建省木兰投资集团有限公司,,2026-07-14,
6615229,公司,江苏博云塑业股份有限公司,,2026-07-14,
6616460,公司,比欧(浙江)食品工业有限公司,,2026-07-14,
6631347,公司,南京轻机包装机械有限公司,,2026-07-14,
6631639,公司,华稼食品科技(上海)股份有限公司,,2026-07-14,
6644193,公司,重庆猫宁电子商务有限公司,,2026-07-14,
6646388,公司,江苏丰禾科技发展有限公司,,2026-07-14,
665176,公司,神冠控股(集团)有限公司,,2026-07-14,
6656896,公司,山东威高普瑞医药包装有限公司,,2026-07-14,
6663819,公司,苏州湘园新材料股份有限公司,,2026-07-14,
6673729,公司,深圳千岸科技股份有限公司,,2026-07-14,
6684670,公司,广东润科生物工程股份有限公司,,2026-07-14,
6697772,公司,内蒙古草原蒙福食品股份有限公司,,2026-07-14,
6700365,公司,杭州富义仓米业有限公司,,2026-07-14,
6703056,公司,沈阳那氏食品有限公司,,2026-07-14,
6711868,公司,山东新和盛飨食集团有限公司,,2026-07-14,
6727136,公司,宁波领越智能设备有限公司,,2026-07-14,
6737233,公司,浙江华剑智能装备股份有限公司,,2026-07-14,
6780752,公司,遵义茶业(集团)有限公司,,2026-07-14,
6782038,公司,中水集团舟山远洋渔业有限公司,,2026-07-14,
6793412,公司,辽宁东盛塑业有限公司,,2026-07-14,
6799211,公司,深圳市诚捷智能装备股份有限公司,,2026-07-14,
6800266,公司,宁德思客琦智能装备科技股份有限公司,,2026-07-14,
6804940,公司,广东瀚秋智能装备股份有限公司,,2026-07-14,
6805990,公司,儒众智能科技(苏州)有限公司,,2026-07-14,
6806584,公司,无锡顺铉新材料有限公司,,2026-07-14,
6851430,公司,山东德州扒鸡股份有限公司,,2026-07-14,
6878608,公司,新疆泰昆蛋白科技股份有限公司,,2026-07-14,
6883648,公司,纽曼思健康食品控股有限公司,,2026-07-14,
6908328,公司,温州华正包装股份有限公司,,2026-07-14,
6916371,公司,广东康诚新材料科技股份有限公司,,2026-07-14,
6917091,公司,山东诺亚方舟塑业股份有限公司,,2026-07-14,
6917098,公司,广东新翔星科技股份有限公司,,2026-07-14,
6917101,公司,中山仲冠纸塑制品股份有限公司,,2026-07-14,
6924417,公司,广州辰东新材料有限公司,,2026-07-14,
6930563,公司,龙江元盛和牛产业股份有限公司,,2026-07-14,
6936143,公司,临海市工业投资集团有限公司,,2026-07-14,
6954123,公司,广东高而美制冷设备有限公司,,2026-07-14,
6962348,公司,广东深鹏科技股份有限公司,,2026-07-14,
6963134,公司,宿迁市润通生态农业科技有限公司,,2026-07-14,
6972487,公司,长沙普济生物科技股份有限公司,,2026-07-14,
6972741,公司,贵州高原山乡有机食品有限公司,,2026-07-14,
6986316,公司,河南壹仓优品百货有限公司,,2026-07-14,
7079250,公司,易和国际控股有限公司,,2026-07-14,
7093071,公司,厦门麦咖健康产业股份有限公司,,2026-07-14,
7213950,公司,江苏恒隆通新材料科技有限公司,,2026-07-14,
7244548,公司,遵义辣椒产业集团有限公司,,2026-07-14,
7257914,公司,内蒙古田牧实业(集团)股份有限公司,,2026-07-14,
7273450,公司,辽宁益海嘉里淀粉科技有限公司,,2026-07-14,
739669,公司,重庆商社(集团)有限公司,,2026-07-14,
7401508,公司,温州鑫泰新材料股份有限公司,,2026-07-14,
7495115,公司,广东汇成真空科技股份有限公司,,2026-07-14,
757279,公司,光明食品(集团)有限公司,,2026-07-14,
7578670,公司,山东鲁中投资有限责任公司,,2026-07-14,
767607,公司,合肥华泰集团股份有限公司,,2026-07-14,
7676807,公司,潜江市柳伍水产食品有限公司,,2026-07-14,
768736,公司,福建元力活性炭股份有限公司,,2026-07-14,
769199,公司,永辉超市股份有限公司,,2026-07-14,
772397,公司,宁波供销集团公司,,2026-07-14,
774085,公司,湖北福星生物科技有限公司,,2026-07-14,
7744116,公司,大连优联智能装备股份有限公司,,2026-07-14,
775996,公司,会通新材料股份有限公司,,2026-07-14,
776473,公司,新疆利华(集团)股份有限公司,,2026-07-14,
776750,公司,北京绿润食品有限公司,,2026-07-14,
777331,公司,北京首农股份有限公司,,2026-07-14,
779533,公司,北京御食园食品股份有限公司,,2026-07-14,
7800252,公司,天宝动物营养科技股份有限公司,,2026-07-14,
781652,公司,朗源股份有限公司,,2026-07-14,
7816796,公司,杭州欣逸商业有限公司,,2026-07-14,
782043,公司,山东日科化学股份有限公司,,2026-07-14,
784572,公司,河南平原智能装备股份有限公司,,2026-07-14,
7847350,公司,安徽鼎梁科技能源股份有限公司,,2026-07-14,
7856431,公司,苏州派菲特自动化科技有限公司,,2026-07-14,
7860523,公司,文明蒙恬(广州)集团股份有限公司,,2026-07-14,
7868431,公司,大连豪森智能制造股份有限公司,,2026-07-14,
7872168,公司,平凉静宁苹果产业发展股份有限公司,,2026-07-14,
7875453,公司,山东长信化学科技股份有限公司,,2026-07-14,
7877705,公司,青海大漠红枸杞有限公司,,2026-07-14,
7885708,公司,宁波色母粒股份有限公司,,2026-07-14,
788618,公司,昆山华恒焊接股份有限公司,,2026-07-14,
7887082,公司,浙江绿晶生物科技股份有限公司,,2026-07-14,
7889894,公司,海南奥特莱斯旅业开发有限公司,,2026-07-14,
7891813,公司,普洱澜沧古茶股份有限公司,,2026-07-14,
7901557,公司,常州百佳年代薄膜科技股份有限公司,,2026-07-14,
7905978,公司,华润化学材料科技股份有限公司,,2026-07-14,
7913158,公司,湖北灵坦机电设备有限公司,,2026-07-14,
7913868,公司,水发西部产业集团有限公司,,2026-07-14,
791618,公司,安徽安利材料科技股份有限公司,,2026-07-14,
7916729,公司,四川吉百兴食品有限公司,,2026-07-14,
7920909,公司,苏州杰锐思智能科技股份有限公司,,2026-07-14,
7922409,公司,浙江佑威新材料股份有限公司,,2026-07-14,
7924633,公司,厦门唯科模塑科技股份有限公司,,2026-07-14,
7928249,公司,江苏嘉好热熔胶有限责任公司,,2026-07-14,
7928433,公司,浙江锦美材料科技有限公司,,2026-07-14,
7933582,公司,鹤壁海昌智能科技股份有限公司,,2026-07-14,
7939227,公司,宁夏红中宁枸杞制品有限公司,,2026-07-14,
793945,公司,广东银禧科技股份有限公司,,2026-07-14,
7944026,公司,中科微至科技股份有限公司,,2026-07-14,
7944054,公司,江苏恒兴新材料科技股份有限公司,,2026-07-14,
794872,公司,安徽万安环境科技股份有限公司,,2026-07-14,
7950152,公司,武汉长利新材料科技股份有限公司,,2026-07-14,
7953801,公司,安徽名达塑业有限公司,,2026-07-14,
7965241,公司,惠州市华达通气体制造股份有限公司,,2026-07-14,
796882,公司,上海永利带业股份有限公司,,2026-07-14,
7980063,公司,江西金田麦食品股份有限公司,,2026-07-14,
7980064,公司,广东正一包装有限公司,,2026-07-14,
7991990,公司,青岛中宝塑业有限公司,,2026-07-14,
799586,公司,天华新材料科技(荆门)股份有限公司,,2026-07-14,
8002319,公司,优趣汇控股有限公司,,2026-07-14,
8002591,公司,妙飞江苏食品科技有限公司,,2026-07-14,
8003280,公司,星辉环保材料股份有限公司,,2026-07-14,
8007925,公司,湖州佳乐福商城有限公司,,2026-07-14,
8009663,公司,东莞市凯格精机股份有限公司,,2026-07-14,
8013961,公司,广东宏石激光技术股份有限公司,,2026-07-14,
8020721,公司,鲜美来食品股份有限公司,,2026-07-14,
8034988,公司,广东三胜电器股份有限公司,,2026-07-14,
8036480,公司,广东德益激光科技股份有限公司,,2026-07-14,
8048450,公司,厦门傲农肉业有限公司,,2026-07-14,
805400,公司,山东瑞丰高分子材料股份有限公司,,2026-07-14,
806095,公司,龙洋知鲜(青海)股份有限公司,,2026-07-14,
806405,公司,深圳市明信测试设备股份有限公司,,2026-07-14,
8069794,公司,辽宁鼎际得石化股份有限公司,,2026-07-14,
8071144,公司,名创优品集团控股有限公司,,2026-07-14,
8073889,公司,乡村绿洲(山东)农业科技股份有限公司,,2026-07-14,
8077558,公司,浙江英特科技股份有限公司,,2026-07-14,
8086719,公司,广东基烁新材料股份有限公司,,2026-07-14,
8091172,公司,聚宝盆(苏州)特种玻璃股份有限公司,,2026-07-14,
8098027,公司,浙江金字机械电器股份有限公司,,2026-07-14,
810677,公司,浙江星星冷链集成股份有限公司,,2026-07-14,
8111774,公司,浙江丰岛食品股份有限公司,,2026-07-14,
8112798,公司,浙江朔翔科技股份有限公司,,2026-07-14,
8112803,公司,苏州博大永旺新材股份有限公司,,2026-07-14,
811498,公司,株洲旗滨集团股份有限公司,,2026-07-14,
8116591,公司,升辉新材料股份有限公司,,2026-07-14,
8117297,公司,贵州山茶产业综合开发有限公司,,2026-07-14,
8121817,公司,重庆攸亮科技股份有限公司,,2026-07-14,
8127224,公司,合肥昱驰真空技术有限公司,,2026-07-14,
8131222,公司,中粮福临门股份有限公司,,2026-07-14,
8135888,公司,喆丽控股有限公司,,2026-07-14,
813845,公司,未来发展控股有限公司,,2026-07-14,
8139988,公司,上海东润换热设备股份有限公司,,2026-07-14,
8141642,公司,赤峰宏发食品有限责任公司,,2026-07-14,
8143753,公司,沭阳华新玻璃科技股份有限公司,,2026-07-14,
814382,公司,高鑫零售有限公司,,2026-07-14,
8144430,公司,上海辛帕智能科技股份有限公司,,2026-07-14,
8149564,公司,杭州优全生活科技股份有限公司,,2026-07-14,
8154250,公司,鲁山瑞亚牧业有限公司,,2026-07-14,
8155450,公司,思克奇食品科技(河北)有限公司,,2026-07-14,
8168403,公司,江苏江顺精密科技集团股份有限公司,,2026-07-14,
8174275,公司,保定维赛新材料科技股份有限公司,,2026-07-14,
817742,公司,佳沃食品股份有限公司,,2026-07-14,
8180892,公司,浙江恒天粮食股份有限公司,,2026-07-14,
8183665,公司,深圳市路远智能装备有限公司,,2026-07-14,
8186576,公司,昌德新材科技股份有限公司,,2026-07-14,
8192809,公司,双财庄有限公司,,2026-07-14,
8192811,公司,富景中国控股有限公司,,2026-07-14,
819416,公司,广东珠江桥生物科技股份有限公司,,2026-07-14,
8200409,公司,无锡琨圣智能装备股份有限公司,,2026-07-14,
8200971,公司,陕西省秦川大厨食品股份有限公司,,2026-07-14,
8208998,公司,浙江衡美健康科技股份有限公司,,2026-07-14,
8211804,公司,浙江洁华新材料股份有限公司,,2026-07-14,
8214072,公司,浙江小伦智能制造股份有限公司,,2026-07-14,
823495,公司,新疆晨光生物科技股份有限公司,,2026-07-14,
8235074,公司,广东省天行健新材料股份有限公司,,2026-07-14,
8240970,公司,常州孟腾智能装备有限公司,,2026-07-14,
8253554,公司,十月稻田集团股份有限公司,,2026-07-14,
8258351,公司,湖南鸣鸣很忙商业连锁股份有限公司,,2026-07-14,
8272571,公司,广东乐生智能科技有限公司,,2026-07-14,
828031,公司,赞宇科技集团股份有限公司,,2026-07-14,
8281798,公司,大庆华理生物技术股份有限公司,,2026-07-14,
8282402,公司,宁波昌亚新材料科技股份有限公司,,2026-07-14,
8300607,公司,包头北辰饲料科技股份有限公司,,2026-07-14,
8304556,公司,滨州海川生物科技股份有限公司,,2026-07-14,
8310167,公司,南京果果食品有限公司,,2026-07-14,
832159,公司,广东生和堂健康食品股份有限公司,,2026-07-14,
832402,公司,天福(开曼)控股有限公司,,2026-07-14,
8326916,公司,安徽龙眠山健康产业股份有限公司,,2026-07-14,
8334881,公司,上海盛普流体设备股份有限公司,,2026-07-14,
8336499,公司,苏州朗坤自动化设备股份有限公司,,2026-07-14,
8339059,公司,广东东博智能装备股份有限公司,,2026-07-14,
834480,公司,沈阳蓝英工业自动化装备股份有限公司,,2026-07-14,
8351292,公司,英氏控股集团股份有限公司,,2026-07-14,
8359558,公司,山东键邦新材料股份有限公司,,2026-07-14,
8366669,公司,天津朗诺宠物食品股份有限公司,,2026-07-14,
837563,公司,第七师柳沟总场,,2026-07-14,
837965,公司,北京赛德丽科技股份有限公司,,2026-07-14,
838027,公司,福建雪人集团股份有限公司,,2026-07-14,
838283,公司,广东金明精机股份有限公司,,2026-07-14,
839542,公司,新疆晨曦椒业有限公司,,2026-07-14,
840130,公司,安徽万朗磁塑股份有限公司,,2026-07-14,
841852,公司,浙江双友物流器械股份有限公司,,2026-07-14,
841975,公司,云南龙生茶业股份有限公司,,2026-07-14,
842375,公司,南京斯迈柯特种金属装备股份有限公司,,2026-07-14,
845007,公司,河南裕华新材料股份有限公司,,2026-07-14,
845453,公司,杨凌本香农业产业集团有限公司,,2026-07-14,
846433,公司,北京泰诚信测控技术股份有限公司,,2026-07-14,
848064,公司,广西南城百货有限责任公司,,2026-07-14,
851532,公司,华致酒行连锁管理股份有限公司,,2026-07-14,
851747,公司,湖南克明食品集团有限公司,,2026-07-14,
860880,公司,山东道恩高分子材料股份有限公司,,2026-07-14,
861795,公司,中国普甜食品控股有限公司,,2026-07-14,
862719,公司,杭州千岛湖鲟龙科技股份有限公司,,2026-07-14,
862783,公司,金鹤农业股份有限公司,,2026-07-14,
863014,公司,陕西秦宝牧业股份有限公司,,2026-07-14,
863033,公司,浙江迦南科技股份有限公司,,2026-07-14,
863094,公司,山东龙大美食股份有限公司,,2026-07-14,
863104,公司,上海奕方农业科技有限公司,,2026-07-14,
863142,公司,福建安溪铁观音集团股份有限公司,,2026-07-14,
863274,公司,苏州斯莱克精密设备股份有限公司,,2026-07-14,
865250,公司,山东天力能源股份有限公司,,2026-07-14,
865302,公司,宏辉果蔬股份有限公司,,2026-07-14,
866975,公司,青岛国恩科技股份有限公司,,2026-07-14,
869072,公司,谷神生物科技集团有限公司,,2026-07-14,
869076,公司,山东绿健生物技术有限公司,,2026-07-14,
870117,公司,山东玖龙海洋产业股份有限公司,,2026-07-14,
872227,公司,厦门呼博仕智能健康科技股份有限公司,,2026-07-14,
872229,公司,北京京东世纪贸易有限公司,,2026-07-14,
872807,公司,邓州市牧原养殖有限公司,,2026-07-14,
872810,公司,河南龙大龙牧肉食品有限公司,,2026-07-14,
873226,公司,重庆巨创计量设备股份有限公司,,2026-07-14,
873264,公司,博思特能源装备(天津)股份有限公司,,2026-07-14,
873581,公司,福建省鑫森炭业股份有限公司,,2026-07-14,
873582,公司,英科再生资源股份有限公司,,2026-07-14,
874444,公司,利群商业集团股份有限公司,,2026-07-14,
875959,公司,怀山堂生物科技股份有限公司,,2026-07-14,
875980,公司,深圳华力兴新材料股份有限公司,,2026-07-14,
876023,公司,酒仙控股集团股份有限公司,,2026-07-14,
877021,公司,深圳市英维克科技股份有限公司,,2026-07-14,
877144,公司,伊美控股集团有限公司,,2026-07-14,
879035,公司,西安兴正元购物中心有限公司,,2026-07-14,
885144,公司,吉林金翼蛋品有限公司,,2026-07-14,
885439,公司,深圳市银宝山新科技股份有限公司,,2026-07-14,
885797,公司,江苏正丹化学工业股份有限公司,,2026-07-14,
886072,公司,中澳控股集团有限公司,,2026-07-14,
887559,公司,宏东渔业股份有限公司,,2026-07-14,
888852,公司,福建福鼎海鸥水产食品有限公司,,2026-07-14,
888895,公司,湖南丽臣实业股份有限公司,,2026-07-14,
889577,公司,大连海洋岛水产集团股份有限公司,,2026-07-14,
890087,公司,力诚国际贸易股份有限公司,,2026-07-14,
890127,公司,广东威林工程塑料股份有限公司,,2026-07-14,
890363,公司,北京天天美尚信息科技股份有限公司,,2026-07-14,
891008,公司,襄阳博亚精工装备股份有限公司,,2026-07-14,
891131,公司,优雅电子商务(北京)股份有限公司,,2026-07-14,
891237,公司,丹东禾丰成三食品有限公司,,2026-07-14,
9386693,公司,苏州佳祺仕科技股份有限公司,,2026-07-14,
9392096,公司,九多肉多食品集团有限公司,,2026-07-14,
9400311,公司,佛山市利达包装新材料股份有限公司,,2026-07-14,
9400367,公司,广东远华新材料股份有限公司,,2026-07-14,
9400480,公司,广东卡夫特新材料科技股份有限公司,,2026-07-14,
9400545,公司,皇冠新材料科技股份有限公司,,2026-07-14,
9412254,公司,福建龙泰实业有限公司,,2026-07-14,
94304314,公司,百川生物科技股份有限公司,,2026-07-14,
9438077,公司,浙江新恒泰新材料股份有限公司,,2026-07-14,
9482541,公司,山东一诺生物质材料股份有限公司,,2026-07-14,
9483223,公司,青岛锐智智能装备科技股份有限公司,,2026-07-14,
9483285,公司,中特科技(青岛)股份有限公司,,2026-07-14,
9483649,公司,河北尚华新材料股份有限公司,,2026-07-14,
9483995,公司,朝阳佛瑞达科技有限公司,,2026-07-14,
9486896,公司,康命源(贵州)科技发展有限公司,,2026-07-14,
9486924,公司,山东天意机械股份有限公司,,2026-07-14,
9486950,公司,塔罗斯科技股份有限公司,,2026-07-14,
9486977,公司,无锡市朗迪测控技术有限公司,,2026-07-14,
9489193,公司,潍坊精华粉体科技股份有限公司,,2026-07-14,
9490421,公司,北京北化高科新技术股份有限公司,,2026-07-14,
9490904,公司,无锡格林司通自动化设备股份有限公司,,2026-07-14,
9491119,公司,湖北楚大智能装备股份有限公司,,2026-07-14,
9503168,公司,安徽富瑞雪化工科技股份有限公司,,2026-07-14,
9508254,公司,浙江品瑶科技股份有限公司,,2026-07-14,
9512270,公司,广东众和高新科技股份公司,,2026-07-14,
9516526,公司,江苏诚丰新材料股份有限公司,,2026-07-14,
9543443,公司,苏州威达智科技股份有限公司,,2026-07-14,
9621005,公司,广东中塑新材料股份有限公司,,2026-07-14,
96686934,公司,陕西宝昱科技工业股份有限公司,,2026-07-14,
9688635,公司,河北高达智能装备股份有限公司,,2026-07-14,
9712175,公司,安徽三绿科技股份有限公司,,2026-07-14,
9776946,公司,深圳市顺禾电器科技有限公司,,2026-07-14,
9801612,公司,北京万户纳美印刷有限公司,,2026-07-14,
9812919,公司,华奕新能源股份有限公司,,2026-07-14,
9832658,公司,山东天骄生物技术股份有限公司,,2026-07-14,
9861743,公司,浙江锐格物流科技股份有限公司,,2026-07-14,
9869777,公司,武汉双键新材料股份有限公司,,2026-07-14,
9873369,公司,苏州同大机械股份有限公司,,2026-07-14,
9873380,公司,常州市龙鑫智能装备股份有限公司,,2026-07-14,
9875858,公司,宁波赛维达技术股份有限公司,,2026-07-14,
9898248,公司,深圳市盛世智能装备股份有限公司,,2026-07-14,
9903700,公司,福州优野生态农业有限公司,,2026-07-14,
9915121,公司,山东新龙科技股份有限公司,,2026-07-14,
9919658,公司,湖州鼎盛机械科技股份有限公司,,2026-07-14,
9947152,公司,飞潮(上海)新材料股份有限公司,,2026-07-14,
