节点id,节点类型,节点名称,节点标签,节点行业,业务描述,公司列表,关键节点,产业链环节,节点行业code,生效时间,失效时间
FOOD000000,产业链,食品饮料行业,level_0;root,食品饮料,涵盖酒类、饮料、调味品、休闲食品、预制食品等品类的制造及直接上游原料供给和下游销售渠道。,1957 & Co.(Hospitality) Limited;5100藏冰川有限公司;EDA集团控股有限公司;IFBH Limited;ISP Global Limited;K2 F&B Holdings Limited;Legion Consortium Limited;TS Wonders Holding Limited;Teamway International Group Holdings Limited;Top Standard Corporation;VSING Limited;一木集团(控股)有限公司;万励达国际有限公司;万洲国际有限公司;三全食品股份有限公司;三只松鼠股份有限公司;三江购物俱乐部股份有限公司;上海丁义兴食品股份有限公司;上海九百股份有限公司;上海元祖梦果子股份有限公司;上海光明肉业集团股份有限公司;上海全胜物流股份有限公司;上海凯淳实业股份有限公司;上海商会网网络集团股份有限公司;上海大力人良科技发展股份有限公司;上海大牧汗食品股份有限公司;上海妙可蓝多食品科技股份有限公司;上海宝立食品科技股份有限公司;上海宝钢包装股份有限公司;上海小南国控股有限公司;上海徐家汇商城股份有限公司;上海新世界股份有限公司;上海新通联包装股份有限公司;上海来伊份股份有限公司;上海海融食品科技股份有限公司;上海海顺新型药用包装材料股份有限公司;上海爱婴室商务服务股份有限公司;上海百润投资控股集团股份有限公司;上海百联集团股份有限公司;上海益民商业集团股份有限公司;上海紫江企业集团股份有限公司;上海美农生物科技股份有限公司;上海翔港包装科技股份有限公司;上海艾录包装股份有限公司;上海豫园旅游商城(集团)股份有限公司;上海金枫酒业股份有限公司;上海顺灏新材料科技股份有限公司;上海高更食品科技股份有限公司;世纪金花商业控股有限公司;东晓生物科技股份有限公司;东莞市厚威包装科技股份有限公司;东莞铭丰包装股份有限公司;东营正宜包装股份有限公司;东鹏饮料(集团)股份有限公司;中信尼雅葡萄酒股份有限公司;中储发展股份有限公司;中兴-沈阳商业大厦(集团)股份有限公司;中国万天控股有限公司;中国优然牧业集团有限公司;中国全聚德(集团)股份有限公司;中国北大荒产业集团控股有限公司;中国圣牧有机奶业有限公司;中国奇点国峰控股有限公司;中国旺旺控股有限公司;中国波顿集团有限公司;中国淀粉控股有限公司;中国现代牧业控股有限公司;中国蒙牛乳业有限公司;中国通天酒业集团有限公司;中国铝罐控股有限公司;中国雨润食品集团有限公司;中国顺客隆控股有限公司;中国飞鹤有限公司;中国食品有限公司;中基健康产业股份有限公司;中宝新材集团有限公司;中彩网通控股有限公司;中炬高新技术实业(集团)股份有限公司;中百控股集团股份有限公司;中科云网科技集团股份有限公司;中粮家佳康食品有限公司;中粮生物科技股份有限公司;中粮糖业控股股份有限公司;中细软科技控股有限公司;中荣印刷集团股份有限公司;中饮巴比食品股份有限公司;久久王食品国际有限公司;乐氏国际控股集团有限公司;九毛九国际控股有限公司;云南海潮集团听牧肉牛产业股份有限公司;云南龙生茶业股份有限公司;五谷磨房食品国际控股有限公司;亚洲实业集团(控股)有限公司;亚洲木薯资源控股有限公司;亚洲果业控股有限公司;亚洲速运物流控股有限公司;京东集团股份有限公司;亲亲食品集团(开曼)股份有限公司;人人乐连锁商业集团股份有限公司;今米房集团控股有限公司;仲景食品股份有限公司;优品360控股有限公司;优趣汇控股有限公司;优雅电子商务(北京)股份有限公司;会稽山绍兴酒股份有限公司;伟立控股有限公司;传化智联股份有限公司;佛山市海天调味食品股份有限公司;佳宁娜集团控股有限公司;佳景集团有限公司;佳沃食品股份有限公司;佳禾食品工业股份有限公司;供销大集集团股份有限公司;保定味群食品科技股份有限公司;保正(上海)供应链管理股份有限公司;保龄宝生物股份有限公司;信基沙溪集团股份有限公司;倩碧控股有限公司;健合(H&H)国际控股有限公司;兄弟科技股份有限公司;先施有限公司;光明乳业股份有限公司;兰州丽尚国潮实业集团股份有限公司;兰州亚成生物科技股份有限公司;兰州庄园牧场股份有限公司;兰州黄河企业股份有限公司;内蒙古伊利实业集团股份有限公司;内蒙古佰惠生新农业科技股份有限公司;内蒙古华欧淀粉工业股份有限公司;内蒙古澳菲利食品股份有限公司;内蒙古额尔敦羊业股份有限公司;内蒙古骑士乳业集团股份有限公司;农夫山泉股份有限公司;冠均国际控股有限公司;利亚零售有限公司;利福中国集团有限公司;利群商业集团股份有限公司;力图控股有限公司;加加食品集团股份有限公司;劲仔食品集团股份有限公司;包头华资实业股份有限公司;北京三元食品股份有限公司;北京京客隆商业集团股份有限公司;北京六智信息技术股份有限公司;北京华联商厦股份有限公司;北京友宝在线科技股份有限公司;北京国联视讯信息技术股份有限公司;北京天时恒生网络股份有限公司;北京御食园食品股份有限公司;北京燕京啤酒股份有限公司;北京瓜尔润科技股份有限公司;北京科拓恒通生物技术股份有限公司;北京纯聚科技股份有限公司;北京翠微大厦股份有限公司;北京酥儿胡同科技发展股份有限公司;北京随视传媒科技股份有限公司;北京顺鑫农业股份有限公司;北京鹫峰科技开发股份有限公司;十月稻田集团股份有限公司;千禾味业食品股份有限公司;华信地产财务有限公司;华凯易佰科技股份有限公司;华宝国际控股有限公司;华宝科技股份有限公司;华润啤酒(控股)有限公司;华润饮料(控股)有限公司;华禧控股有限公司;华致酒行连锁管理股份有限公司;南京中央商场(集团)股份有限公司;南京沪江复合材料股份有限公司;南京虎凤蝶电子商务科技股份有限公司;南京音飞储存设备(集团)股份有限公司;南侨食品集团(上海)股份有限公司;南宁百货大楼股份有限公司;南方黑芝麻集团股份有限公司;南极电商股份有限公司;南通光合生物技术股份有限公司;南通醋酸化工股份有限公司;南顺(香港)有限公司;卫龙美味全球控股有限公司;原生态牧业有限公司;厦门合兴包装印刷股份有限公司;厦门吉宏科技股份有限公司;厦门快乐番薯股份有限公司;厦门燕之屋燕窝产业股份有限公司;友和集团控股有限公司;双财庄有限公司;叙福楼集团有限公司;古茗控股有限公司;合丰集团控股有限公司;合德堂控股(深圳)股份有限公司;合肥百货大楼集团股份有限公司;合肥银山棉麻股份有限公司;吉林泉阳泉股份有限公司;同庆楼餐饮股份有限公司;名创优品集团控股有限公司;名科国际控股有限公司;吐鲁番楼兰酒庄股份有限公司;周黑鸭国际控股有限公司;味丹国际(控股)有限公司;味千(中国)控股有限公司;呷哺呷哺餐饮管理(中国)控股有限公司;品渥食品股份有限公司;哈尔滨鹏程新材料科技股份有限公司;唇动食品股份有限公司;唐宫(中国)控股有限公司;嘉兴市豪能科技股份有限公司;嘉士利集团有限公司;嘉必优生物技术(武汉)股份有限公司;嘉美食品包装(滁州)股份有限公司;嘉耀控股有限公司;四川天味食品集团股份有限公司;四川水井坊股份有限公司;四川百夫长清真食品股份有限公司;四川百茶百道实业股份有限公司;四川菊乐食品股份有限公司;四洲集团有限公司;国农金融投资有限公司;国投中鲁果汁股份有限公司;国美零售控股有限公司;国际济丰包装集团;圆通国际快递供应链科技有限公司;大商股份有限公司;大家乐集团有限公司;大快活集团有限公司;大成玉米集团有限公司;大成生化科技集团有限公司;大连友谊(集团)股份有限公司;大连微冷食品股份有限公司;大连林家铺子食品股份有限公司;大连海宝食品股份有限公司;天地壹号饮料股份有限公司;天津桂发祥十八街麻花食品股份有限公司;天津艺虹智能包装科技股份有限公司;天虹数科商业股份有限公司;太兴集团控股有限公司;太平洋酒吧集团控股有限公司;奈雪的茶控股有限公司;奥瑞金科技股份有限公司;好想你健康食品股份有限公司;威海紫光优健科技股份有限公司;威龙葡萄酒股份有限公司;子不语集团有限公司;宁夏新华物流股份有限公司;宁夏法塞特农业科技股份有限公司;宁夏红山河食品股份有限公司;宁波中百股份有限公司;宁波喜悦智行科技股份有限公司;宁波玉健健康科技股份有限公司;宁波瑞星时光商业股份有限公司;宁波索宝蛋白科技股份有限公司;宁波飞润海洋生物科技股份有限公司;安井食品集团股份有限公司;安庆新雪莲生物科技股份有限公司;安徽九华山酒业股份有限公司;安徽利民生物科技股份有限公司;安徽华业香料股份有限公司;安徽华恒生物科技股份有限公司;安徽华运超市股份有限公司;安徽口子酒业股份有限公司;安徽古井贡酒股份有限公司;安徽合益食品股份有限公司;安徽荷金来农业发展股份有限公司;安徽迎驾贡酒股份有限公司;安徽金禾实业股份有限公司;安徽金种子酒业股份有限公司;安徽集友新材料股份有限公司;安徽雪郎生物科技股份有限公司;安徽颍美科技股份有限公司;安捷包装(苏州)股份有限公司;安琪酵母股份有限公司;安记食品股份有限公司;宏图智能数字科技股份有限公司;宜宾五粮液股份有限公司;宝尊电商有限公司;宝艺新材料股份有限公司;家家悦集团股份有限公司;宾仕国际控股有限公司;密尔克卫智能供应链服务集团股份有限公司;富临集团控股有限公司;小菜园国际控股有限公司;尝·高美集团有限公司;山东三信商贸股份有限公司;山东三元生物科技股份有限公司;山东东方海洋科技股份有限公司;山东东阿东方阿胶股份有限公司;山东东阿百年堂阿胶生物制品股份有限公司;山东中锐产业发展股份有限公司;山东丰香园食品股份有限公司;山东凯欣绿色食品股份有限公司;山东吉田香料股份有限公司;山东唯可鲜食品集团股份有限公司;山东嘉华生物科技股份有限公司;山东天骄生物技术股份有限公司;山东得利斯食品股份有限公司;山东惠发食品股份有限公司;山东新巨丰科技包装股份有限公司;山东环丰食品股份有限公司;山东百龙创园生物科技股份有限公司;山东艾德森生物科技股份有限公司;山东龙力生物科技股份有限公司;山东龙大美食股份有限公司;山东龙盛食品股份有限公司;山西东方亮生命科技股份有限公司;山西天生红枣业股份有限公司;山西杏花村汾酒厂股份有限公司;岁宝百货控股(中国)有限公司;常州春水堂健康科技股份有限公司;常茂生物化学工程股份有限公司;平凉静宁苹果产业发展股份有限公司;幺麻子食品股份有限公司;广东佳隆食品股份有限公司;广东便捷神科技股份有限公司;广东兴亿海洋生物工程股份有限公司;广东兴艺数字印刷股份有限公司;广东利泰大健康产业股份有限公司;广东南字科技股份有限公司;广东原尚物流股份有限公司;广东天元实业集团股份有限公司;广东天池茶业股份有限公司;广东安捷供应链管理股份有限公司;广东宏川智慧物流股份有限公司;广东广弘控股股份有限公司;广东德力智慧物流股份有限公司;广东新宏泽包装股份有限公司;广东林中宝生物科技股份有限公司;广东海力储存设备股份有限公司;广东燕塘乳业股份有限公司;广东生和堂健康食品股份有限公司;广东百利食品股份有限公司;广东百味佳味业科技股份有限公司;广东绿之彩科技股份有限公司;广东肇庆星湖生物科技股份有限公司;广东英联包装股份有限公司;广东裕丰食品股份有限公司;广东金冠科技股份有限公司;广东颐丰智慧农业股份有限公司;广东高义包装科技股份有限公司;广州凡科互联网科技股份有限公司;广州市广百股份有限公司;广州捷世通供应链股份有限公司;广州珠江啤酒股份有限公司;广州若羽臣科技股份有限公司;广州遇见小面餐饮股份有限公司;广州酒家集团股份有限公司;广源包装集团股份有限公司;广西农投糖业集团股份有限公司;广西新迅达科技集团股份公司;广西百菲乳业股份有限公司;康师傅控股有限公司;康欣新材料股份有限公司;张家港保税科技(集团)股份有限公司;张家港福吉佳食品股份有限公司;弥明生活百货控股有限公司;快餐帝国控股有限公司;怡园酒业控股有限公司;恒基兆业发展有限公司;恒月控股有限公司;惠州东进农牧股份有限公司;惠生国际控股有限公司;慧聪集团有限公司;成都太和坊食品股份有限公司;成都巨龙生物科技股份有限公司;成都红旗连锁股份有限公司;承德露露股份公司;抚顺独凤轩骨神生物技术股份有限公司;捷荣国际控股有限公司;文峰大世界连锁发展股份有限公司;文明蒙恬(广州)集团股份有限公司;新世界百货中国有限公司;新享时代集团有限公司;新希望乳业股份有限公司;新琪安集团股份有限公司;新畅月医疗控股(甘肃)股份有限公司;新疆东方红番茄股份有限公司;新疆伊力特实业股份有限公司;新疆冠农股份有限公司;新疆友好(集团)股份有限公司;新疆天润乳业股份有限公司;新疆晟源生物科技股份有限公司;新疆汇嘉时代百货股份有限公司;新疆泰昆蛋白科技股份有限公司;新疆百富餐饮股份有限公司;新疆西部牧业股份有限公司;无锡商业大厦大东方股份有限公司;无锡市兴港包装股份有限公司;日清食品有限公司;早康枸杞股份有限公司;昆山亚香香料股份有限公司;昆山佳合纸制品科技股份有限公司;昆山多宾陈列展示股份有限公司;昇兴集团股份有限公司;易站绿色科技集团有限公司;星盛商业管理股份有限公司;春雪食品集团股份有限公司;晨光生物科技集团股份有限公司;普乐师集团控股有限公司;普洱澜沧古茶股份有限公司;曌生命控股有限公司;有友食品股份有限公司;有赞科技有限公司;朗源股份有限公司;望湘园(上海)餐饮管理股份有限公司;杭州优全生活科技股份有限公司;杭州华商物流股份有限公司;杭州博可生物科技股份有限公司;杭州壹网壹创科技股份有限公司;杭州新丰小吃股份有限公司;杭州解百集团股份有限公司;柳州爱格富食品科技股份有限公司;株洲百货股份有限公司;格润食品集团股份有限公司;桂林莱茵生物科技股份有限公司;桂林西麦食品股份有限公司;桃李面包股份有限公司;梅花生物科技集团股份有限公司;森美(集团)控股有限公司;椰丰集团有限公司;欢乐家食品集团股份有限公司;欣融国际控股有限公司;欧浦智网股份有限公司;正业国际控股有限公司;正味集团控股有限公司;步步高商业连锁股份有限公司;武商集团股份有限公司;武汉九生堂生物科技股份有限公司;武汉博源新材料科技集团股份有限公司;武汉红鼎豆捞餐饮股份有限公司;永安国际有限公司;永旺(香港)百货有限公司;永辉超市股份有限公司;汇源印刷包装科技(天津)股份有限公司;汉诺佳池控股有限公司;汕头市潮庭食品股份有限公司;江苏今世缘酒业股份有限公司;江苏利特尔绿色包装股份有限公司;江苏同益国际物流股份有限公司;江苏味巴哥食品股份有限公司;江苏宏信超市连锁股份有限公司;江苏康能生物工程股份有限公司;江苏快而捷物流股份有限公司;江苏恒顺醋业股份有限公司;江苏新天地食品股份有限公司;江苏洋河酒厂股份有限公司;江苏润普食品科技股份有限公司;江苏特味浓食品股份有限公司;江苏苏北粮油股份有限公司;江苏锦达保税仓储股份有限公司;江西国光商业连锁股份有限公司;江西天新药业股份有限公司;江西煌上煌集团食品股份有限公司;江西金田麦食品股份有限公司;江西阳光乳业股份有限公司;江西齐云山食品股份有限公司;江门丽宫侨宝陈皮健康产业发展股份有限公司;沈阳商业城股份有限公司;沈阳递家物流股份有限公司;沪上阿姨(上海)实业股份有限公司;河北养元智汇饮品股份有限公司;河北华鑫洺源石油储运股份有限公司;河北康远清真食品股份有限公司;河北方大新材料股份有限公司;河北永和荣达生物科技股份有限公司;河北衡水老白干酒业股份有限公司;河南去吧看看网络科技股份有限公司;河南双汇投资发展股份有限公司;河南恒瑞淀粉科技股份有限公司;河南永丰面业股份有限公司;河南科迪乳业股份有限公司;河南酒便利商业股份有限公司;河南金丹乳酸科技股份有限公司;泸州老窖股份有限公司;洛阳餐旅实业股份有限公司;洽洽食品股份有限公司;济宁鸿润食品股份有限公司;浙江一景乳业股份有限公司;浙江一鸣食品股份有限公司;浙江东日股份有限公司;浙江中国小商品城集团股份有限公司;浙江丰岛食品股份有限公司;浙江五芳斋实业股份有限公司;浙江京华激光科技股份有限公司;浙江伊宝馨生物科技股份有限公司;浙江众鑫环保科技集团股份有限公司;浙江华康药业股份有限公司;浙江华统肉制品股份有限公司;浙江古越龙山绍兴酒股份有限公司;浙江启利兴光可可制品股份有限公司;浙江圣达生物药业股份有限公司;浙江大家食品股份有限公司;浙江大胜达包装股份有限公司;浙江惠同新材料股份有限公司;浙江新和成股份有限公司;浙江明辉蔬果配送股份有限公司;浙江李子园食品股份有限公司;浙江比例聚合科技股份有限公司;浙江江山恒亮蜂产品股份有限公司;浙江济公缘控股股份有限公司;浙江特美新材料股份有限公司;浙江码尚科技股份有限公司;浙江艾格生物科技股份有限公司;浙江茗皇天然食品开发股份有限公司;浙江茶乾坤食品股份有限公司;浙江衢州东方集团股份有限公司;浙江金晟环保股份有限公司;浙江金海蕴生物股份有限公司;浙江香海食品股份有限公司;海伦司国际控股有限公司;海南京粮控股股份有限公司;海南椰岛(集团)股份有限公司;海南火焰柒号文化传媒股份有限公司;海南航旅饮品股份有限公司;海底捞国际控股有限公司;海欣食品股份有限公司;海航冷链控股股份有限公司;深圳劲嘉集团股份有限公司;深圳千岸科技股份有限公司;深圳市三态电子商务股份有限公司;深圳市中海通物流股份有限公司;深圳市农产品集团股份有限公司;深圳市凯东源现代物流股份有限公司;深圳市柏星龙创意包装股份有限公司;深圳市深粮控股股份有限公司;深圳市理德铭科技股份有限公司;深圳市裕同包装科技股份有限公司;深圳市顺电连锁股份有限公司;深圳王子新材料股份有限公司;深圳百果园实业(集团)股份有限公司;港娱国际控股有限公司;湖北一致魔芋生物科技股份有限公司;湖北华鼎团膳管理股份有限公司;湖北均瑶大健康饮品股份有限公司;湖北宏裕新型包材股份有限公司;湖北裕国菇业股份有限公司;湖北黄商集团股份有限公司;湖南友谊阿波罗商业股份有限公司;湖南汇湘轩生物科技股份有限公司;湖南鸣鸣很忙商业连锁股份有限公司;溜溜梅股份有限公司;滨州隆鑫天润食品股份有限公司;澳亚集团有限公司;澳优乳业股份有限公司;澳至尊国际控股有限公司;炙龙控股有限公司;烟台北方安德利果汁股份有限公司;烟台双塔食品股份有限公司;烟台张裕葡萄酿酒股份有限公司;熊猫乳品集团股份有限公司;爱普香料集团股份有限公司;牧同科技股份有限公司;特海国际控股有限公司;狮头科技发展股份有限公司;猫屎咖啡控股有限公司;王府井集团股份有限公司;王朝酒业集团有限公司;环球友饮智能控股有限公司;环科国际集团有限公司;珍酒李渡集团有限公司;珠海中富实业股份有限公司;珠海恒基达鑫国际化工仓储股份有限公司;甘源食品股份有限公司;甘肃国芳工贸(集团)股份有限公司;甘肃爽口源生态科技股份有限公司;甘肃皇台酒业股份有限公司;甘肃莫高实业发展股份有限公司;甘肃陇萃堂营养保健食品股份有限公司;生活概念控股有限公司;田野创新股份有限公司;百利达集团控股有限公司;百大集团股份有限公司;百威亚太控股有限公司;百盛商业集团有限公司;百福控股有限公司;百胜中国控股有限公司;皇氏集团股份有限公司;益海嘉里金龙鱼食品集团股份有限公司;盐津铺子食品股份有限公司;盖世食品股份有限公司;盛融控股有限公司;碧生源控股有限公司;祖名豆制品集团股份有限公司;神冠控股(集团)有限公司;福建万辰食品集团股份有限公司;福建东百集团股份有限公司;福建南王环保科技股份有限公司;福建清铧茶业股份有限公司;福建环海生物科技股份有限公司;福建省熠烁科技股份有限公司;福建省燕京惠泉啤酒股份有限公司;福建闽威实业股份有限公司;福禄控股有限公司;秀商时代控股有限公司;稻香控股有限公司;立高食品股份有限公司;第一太平有限公司;粤海广南(集团)有限公司;粤海永顺泰集团股份有限公司;紫燕食品集团股份有限公司;红星冷链(湖南)股份有限公司;纷美包装有限公司;绍兴咸亨食品股份有限公司;绝味食品股份有限公司;统一企业中国控股有限公司;维他奶国际集团有限公司;维维食品饮料股份有限公司;绿茶集团有限公司;美捷汇控股有限公司;美盈森集团股份有限公司;翠华控股有限公司;老娘舅餐饮股份有限公司;老恒和酿造有限公司;联华超市股份有限公司;聚利宝控股有限公司;聚水潭集团股份有限公司;舍得酒业股份有限公司;舟山泰和食品股份有限公司;良品铺子股份有限公司;苏宁易购集团股份有限公司;苏州优乐赛共享服务股份有限公司;苏州华源控股股份有限公司;苏州同里印刷科技股份有限公司;苏州市味知香食品股份有限公司;苏州欧福蛋业股份有限公司;苏州江天包装科技股份有限公司;苏州炫之彩新材料股份有限公司;苏州蓝鼎餐饮管理股份有限公司;英氏控股集团股份有限公司;英记茶庄集团有限公司;草原兴发食品科技(北京)股份有限公司;荣成协汇食品股份有限公司;荣晖控股有限公司;莲花控股股份有限公司;蓝星安迪苏股份有限公司;蜜雪冰城股份有限公司;蜡笔小新休闲食品集团有限公司;衢州东峰新材料集团股份有限公司;裕程物流集团有限公司;西安小六饮食(集团)股份有限公司;西安环球印务股份有限公司;西安饮食股份有限公司;西藏发展股份有限公司;谊和股份有限公司;贝因美股份有限公司;贵州五福坊食品(集团)股份有限公司;贵州南方乳业股份有限公司;贵州永吉印务股份有限公司;贵州茅台酒股份有限公司;赏之味控股有限公司;跨境通宝电子商务股份有限公司;辽宁宝丽嘉华生物医药科技股份有限公司;达势股份有限公司;运兴泰集团控股有限公司;透云生物科技集团有限公司;通化葡萄酒股份有限公司;道道全粮油股份有限公司;郑州千味央厨食品股份有限公司;郑州华英包装股份有限公司;酒鬼酒股份有限公司;重庆啤酒股份有限公司;重庆市涪陵榨菜集团股份有限公司;重庆旺峰肉业股份有限公司;重庆重百科技集团股份有限公司;金健米业股份有限公司;金太阳粮油股份有限公司;金字火腿股份有限公司;金富科技股份有限公司;金徽酒股份有限公司;金源发展国际实业有限公司;金磨坊食品股份有限公司;金菜地食品股份有限公司;金鹤农业股份有限公司;银川新华百货商业集团股份有限公司;银座集团股份有限公司;银盛数惠数字有限公司;锅圈食品(上海)股份有限公司;锦胜集团(控股)有限公司;长春市朱老六食品股份有限公司;长春欧亚集团股份有限公司;长沙通程控股股份有限公司;阜丰集团有限公司;阿尔法企业控股有限公司;阿里巴巴集团控股有限公司;陈克明食品股份有限公司;陕西德元数字科技股份有限公司;陕西金叶科教集团股份有限公司;青岛啤酒股份有限公司;青岛城业城供应链股份有限公司;青岛天行健物流股份有限公司;青岛日辰食品股份有限公司;青岛蔚蓝生物股份有限公司;青岛食品股份有限公司;青木科技股份有限公司;青海互助天佑德青稞酒股份有限公司;颐海国际控股有限公司;香港生力啤酒厂有限公司;香港科技探索有限公司;香港食品投资控股有限公司;香飘飘食品股份有限公司;驰骋控股集团股份有限公司;骏高控股有限公司;高鑫零售有限公司;鸿兴印刷集团有限公司;鸿福堂集团控股有限公司;麦趣尔集团股份有限公司;黄山永新股份有限公司;黄淮农产品股份有限公司;黑龙江北鳐食品股份有限公司;黑龙江省五米常香农业科技发展股份有限公司;黑龙江省恒源食品股份有限公司;齐屹科技(开曼)有限公司;龙丰集团控股有限公司;龙利得智能科技股份有限公司;龙洲集团股份有限公司;龙辉国际控股有限公司,TRUE,,FOOD,2026-07-28,
FOOD000001,一级环节,酒类制造,level_1;midstream,食品饮料,以粮食等为原料，通过发酵、蒸馏、陈酿、勾调等工艺生产含酒精饮品，具备强品牌壁垒与社交消费属性。,上海百润投资控股集团股份有限公司;上海金枫酒业股份有限公司;中信尼雅葡萄酒股份有限公司;中国北大荒产业集团控股有限公司;中国通天酒业集团有限公司;会稽山绍兴酒股份有限公司;兰州黄河企业股份有限公司;北京燕京啤酒股份有限公司;北京顺鑫农业股份有限公司;华润啤酒(控股)有限公司;吐鲁番楼兰酒庄股份有限公司;四川水井坊股份有限公司;国农金融投资有限公司;威龙葡萄酒股份有限公司;宁夏法塞特农业科技股份有限公司;安徽九华山酒业股份有限公司;安徽口子酒业股份有限公司;安徽古井贡酒股份有限公司;安徽迎驾贡酒股份有限公司;安徽金种子酒业股份有限公司;宜宾五粮液股份有限公司;山西天生红枣业股份有限公司;山西杏花村汾酒厂股份有限公司;广州珠江啤酒股份有限公司;怡园酒业控股有限公司;成都巨龙生物科技股份有限公司;新疆伊力特实业股份有限公司;江苏今世缘酒业股份有限公司;江苏洋河酒厂股份有限公司;河北衡水老白干酒业股份有限公司;泸州老窖股份有限公司;浙江古越龙山绍兴酒股份有限公司;海南椰岛(集团)股份有限公司;烟台张裕葡萄酿酒股份有限公司;王朝酒业集团有限公司;珍酒李渡集团有限公司;甘肃皇台酒业股份有限公司;甘肃莫高实业发展股份有限公司;百利达集团控股有限公司;百威亚太控股有限公司;福建省燕京惠泉啤酒股份有限公司;美捷汇控股有限公司;舍得酒业股份有限公司;西藏发展股份有限公司;贵州茅台酒股份有限公司;酒鬼酒股份有限公司;重庆啤酒股份有限公司;金徽酒股份有限公司;青岛啤酒股份有限公司;青海互助天佑德青稞酒股份有限公司;香港生力啤酒厂有限公司,TRUE,中游,FOOD,2026-07-28,
FOOD000002,一级环节,乳品与非酒精饮料制造,level_1;midstream,食品饮料,涵盖液态奶、奶粉、奶酪等乳品，以及包装水、茶饮、果汁、植物蛋白饮料和功能饮料等非酒精饮品，具有高频快消和多元消费场景属性。,5100藏冰川有限公司;IFBH Limited;上海妙可蓝多食品科技股份有限公司;东鹏饮料(集团)股份有限公司;中国旺旺控股有限公司;中国蒙牛乳业有限公司;中国飞鹤有限公司;中国食品有限公司;佳禾食品工业股份有限公司;健合(H&H)国际控股有限公司;光明乳业股份有限公司;兰州庄园牧场股份有限公司;内蒙古伊利实业集团股份有限公司;内蒙古骑士乳业集团股份有限公司;农夫山泉股份有限公司;北京三元食品股份有限公司;华润饮料(控股)有限公司;厦门快乐番薯股份有限公司;合德堂控股(深圳)股份有限公司;吉林泉阳泉股份有限公司;品渥食品股份有限公司;四川百夫长清真食品股份有限公司;四川菊乐食品股份有限公司;天地壹号饮料股份有限公司;山东唯可鲜食品集团股份有限公司;广东利泰大健康产业股份有限公司;广东燕塘乳业股份有限公司;广西百菲乳业股份有限公司;康师傅控股有限公司;承德露露股份公司;捷荣国际控股有限公司;新希望乳业股份有限公司;新疆天润乳业股份有限公司;新疆西部牧业股份有限公司;森美(集团)控股有限公司;欢乐家食品集团股份有限公司;江西阳光乳业股份有限公司;河北养元智汇饮品股份有限公司;河南科迪乳业股份有限公司;浙江一景乳业股份有限公司;浙江一鸣食品股份有限公司;浙江丰岛食品股份有限公司;浙江李子园食品股份有限公司;海南航旅饮品股份有限公司;湖北均瑶大健康饮品股份有限公司;澳优乳业股份有限公司;熊猫乳品集团股份有限公司;牧同科技股份有限公司;皇氏集团股份有限公司;祖名豆制品集团股份有限公司;统一企业中国控股有限公司;维他奶国际集团有限公司;维维食品饮料股份有限公司;英氏控股集团股份有限公司;贝因美股份有限公司;贵州南方乳业股份有限公司;辽宁宝丽嘉华生物医药科技股份有限公司;金健米业股份有限公司;香飘飘食品股份有限公司;鸿福堂集团控股有限公司,TRUE,中游,FOOD,2026-07-28,
FOOD000003,一级环节,调味发酵品制造,level_1;midstream,食品饮料,厨房刚需品类，具备高复购率与强渠道粘性，B端餐饮定制与C端家庭消费双轮驱动。,上海宝立食品科技股份有限公司;上海高更食品科技股份有限公司;中炬高新技术实业(集团)股份有限公司;仲景食品股份有限公司;佛山市海天调味食品股份有限公司;保定味群食品科技股份有限公司;加加食品集团股份有限公司;千禾味业食品股份有限公司;味丹国际(控股)有限公司;四川天味食品集团股份有限公司;宁夏红山河食品股份有限公司;安记食品股份有限公司;山东丰香园食品股份有限公司;山东龙盛食品股份有限公司;常茂生物化学工程股份有限公司;幺麻子食品股份有限公司;广东佳隆食品股份有限公司;广东百利食品股份有限公司;广东百味佳味业科技股份有限公司;成都太和坊食品股份有限公司;抚顺独凤轩骨神生物技术股份有限公司;新畅月医疗控股(甘肃)股份有限公司;梅花生物科技集团股份有限公司;江苏恒顺醋业股份有限公司;江苏特味浓食品股份有限公司;浙江济公缘控股股份有限公司;湖南汇湘轩生物科技股份有限公司;绍兴咸亨食品股份有限公司;老恒和酿造有限公司;荣成协汇食品股份有限公司;莲花控股股份有限公司;重庆市涪陵榨菜集团股份有限公司;金菜地食品股份有限公司;长春市朱老六食品股份有限公司;阜丰集团有限公司;青岛日辰食品股份有限公司;颐海国际控股有限公司,TRUE,中游,FOOD,2026-07-28,
FOOD000004,一级环节,休闲食品与烘焙制造,level_1;midstream,食品饮料,迎合年轻化与碎片化消费趋势，产品迭代快，高度依赖品牌营销与多元化零售渠道触达。,TS Wonders Holding Limited;三只松鼠股份有限公司;上海元祖梦果子股份有限公司;上海来伊份股份有限公司;中国旺旺控股有限公司;中饮巴比食品股份有限公司;久久王食品国际有限公司;五谷磨房食品国际控股有限公司;亲亲食品集团(开曼)股份有限公司;劲仔食品集团股份有限公司;北京御食园食品股份有限公司;北京酥儿胡同科技发展股份有限公司;南侨食品集团(上海)股份有限公司;南方黑芝麻集团股份有限公司;卫龙美味全球控股有限公司;周黑鸭国际控股有限公司;唇动食品股份有限公司;嘉士利集团有限公司;四洲集团有限公司;大连林家铺子食品股份有限公司;天津桂发祥十八街麻花食品股份有限公司;好想你健康食品股份有限公司;宾仕国际控股有限公司;广东林中宝生物科技股份有限公司;广东生和堂健康食品股份有限公司;广州酒家集团股份有限公司;张家港福吉佳食品股份有限公司;快餐帝国控股有限公司;有友食品股份有限公司;桂林西麦食品股份有限公司;桃李面包股份有限公司;正味集团控股有限公司;江西煌上煌集团食品股份有限公司;江西齐云山食品股份有限公司;江门丽宫侨宝陈皮健康产业发展股份有限公司;洽洽食品股份有限公司;溜溜梅股份有限公司;甘源食品股份有限公司;盐津铺子食品股份有限公司;立高食品股份有限公司;第一太平有限公司;紫燕食品集团股份有限公司;绝味食品股份有限公司;良品铺子股份有限公司;蜡笔小新休闲食品集团有限公司;金磨坊食品股份有限公司;青岛食品股份有限公司;麦趣尔集团股份有限公司,TRUE,中游,FOOD,2026-07-28,
FOOD000005,一级环节,肉制品与预制便捷食品制造,level_1;midstream,食品饮料,涵盖肉制品、速冻食品、预制菜和方便食品等深加工品类，连接初级农产品与终端餐桌，并服务家庭便捷消费和餐饮标准化供给。,万洲国际有限公司;三全食品股份有限公司;上海丁义兴食品股份有限公司;上海光明肉业集团股份有限公司;上海大牧汗食品股份有限公司;中国万天控股有限公司;中国雨润食品集团有限公司;中粮家佳康食品有限公司;云南海潮集团听牧肉牛产业股份有限公司;兰州亚成生物科技股份有限公司;内蒙古澳菲利食品股份有限公司;内蒙古额尔敦羊业股份有限公司;北京鹫峰科技开发股份有限公司;厦门燕之屋燕窝产业股份有限公司;威海紫光优健科技股份有限公司;宁波飞润海洋生物科技股份有限公司;安井食品集团股份有限公司;安庆新雪莲生物科技股份有限公司;安徽荷金来农业发展股份有限公司;山东东阿东方阿胶股份有限公司;山东东阿百年堂阿胶生物制品股份有限公司;山东得利斯食品股份有限公司;山东惠发食品股份有限公司;山东龙大美食股份有限公司;广东广弘控股股份有限公司;广东裕丰食品股份有限公司;广东颐丰智慧农业股份有限公司;康师傅控股有限公司;惠生国际控股有限公司;日清食品有限公司;春雪食品集团股份有限公司;杭州博可生物科技股份有限公司;武汉九生堂生物科技股份有限公司;汕头市潮庭食品股份有限公司;江苏味巴哥食品股份有限公司;江西金田麦食品股份有限公司;河北康远清真食品股份有限公司;河南双汇投资发展股份有限公司;济宁鸿润食品股份有限公司;浙江五芳斋实业股份有限公司;浙江华统肉制品股份有限公司;浙江大家食品股份有限公司;浙江明辉蔬果配送股份有限公司;浙江金海蕴生物股份有限公司;浙江香海食品股份有限公司;海欣食品股份有限公司;澳至尊国际控股有限公司;甘肃陇萃堂营养保健食品股份有限公司;百胜中国控股有限公司;盖世食品股份有限公司;盛融控股有限公司;碧生源控股有限公司;福建闽威实业股份有限公司;粤海广南(集团)有限公司;统一企业中国控股有限公司;舟山泰和食品股份有限公司;苏州市味知香食品股份有限公司;草原兴发食品科技(北京)股份有限公司;贵州五福坊食品(集团)股份有限公司;运兴泰集团控股有限公司;郑州千味央厨食品股份有限公司;重庆旺峰肉业股份有限公司;金字火腿股份有限公司;锅圈食品(上海)股份有限公司;陈克明食品股份有限公司;香港食品投资控股有限公司;黑龙江北鳐食品股份有限公司,TRUE,中游,FOOD,2026-07-28,
FOOD000006,一级环节,食品原料、辅料与包材供应链,level_1;upstream,食品饮料,涵盖农产品原料、食品添加剂等辅料及纸、塑料、金属、玻璃等核心包材，是决定中游制造成本、品质和供应稳定性的关键上游。,Teamway International Group Holdings Limited;上海大力人良科技发展股份有限公司;上海宝钢包装股份有限公司;上海新通联包装股份有限公司;上海海融食品科技股份有限公司;上海海顺新型药用包装材料股份有限公司;上海紫江企业集团股份有限公司;上海美农生物科技股份有限公司;上海翔港包装科技股份有限公司;上海艾录包装股份有限公司;上海顺灏新材料科技股份有限公司;东晓生物科技股份有限公司;东莞市厚威包装科技股份有限公司;东莞铭丰包装股份有限公司;东营正宜包装股份有限公司;中国优然牧业集团有限公司;中国圣牧有机奶业有限公司;中国波顿集团有限公司;中国淀粉控股有限公司;中国现代牧业控股有限公司;中国铝罐控股有限公司;中基健康产业股份有限公司;中宝新材集团有限公司;中粮生物科技股份有限公司;中粮糖业控股股份有限公司;中荣印刷集团股份有限公司;云南龙生茶业股份有限公司;亚洲木薯资源控股有限公司;亚洲果业控股有限公司;伟立控股有限公司;佳沃食品股份有限公司;保龄宝生物股份有限公司;兄弟科技股份有限公司;内蒙古佰惠生新农业科技股份有限公司;内蒙古华欧淀粉工业股份有限公司;冠均国际控股有限公司;力图控股有限公司;包头华资实业股份有限公司;北京瓜尔润科技股份有限公司;北京科拓恒通生物技术股份有限公司;十月稻田集团股份有限公司;华信地产财务有限公司;华宝国际控股有限公司;华宝科技股份有限公司;华禧控股有限公司;南京沪江复合材料股份有限公司;南通光合生物技术股份有限公司;南通醋酸化工股份有限公司;南顺(香港)有限公司;原生态牧业有限公司;厦门合兴包装印刷股份有限公司;合丰集团控股有限公司;合肥银山棉麻股份有限公司;哈尔滨鹏程新材料科技股份有限公司;嘉兴市豪能科技股份有限公司;嘉必优生物技术(武汉)股份有限公司;嘉美食品包装(滁州)股份有限公司;嘉耀控股有限公司;国投中鲁果汁股份有限公司;国际济丰包装集团;大成玉米集团有限公司;大成生化科技集团有限公司;大连海宝食品股份有限公司;天津艺虹智能包装科技股份有限公司;奥瑞金科技股份有限公司;宁波喜悦智行科技股份有限公司;宁波玉健健康科技股份有限公司;宁波索宝蛋白科技股份有限公司;安徽利民生物科技股份有限公司;安徽华业香料股份有限公司;安徽华恒生物科技股份有限公司;安徽合益食品股份有限公司;安徽金禾实业股份有限公司;安徽集友新材料股份有限公司;安徽雪郎生物科技股份有限公司;安徽颍美科技股份有限公司;安捷包装(苏州)股份有限公司;安琪酵母股份有限公司;宝艺新材料股份有限公司;山东三元生物科技股份有限公司;山东东方海洋科技股份有限公司;山东中锐产业发展股份有限公司;山东凯欣绿色食品股份有限公司;山东吉田香料股份有限公司;山东嘉华生物科技股份有限公司;山东天骄生物技术股份有限公司;山东新巨丰科技包装股份有限公司;山东环丰食品股份有限公司;山东百龙创园生物科技股份有限公司;山东艾德森生物科技股份有限公司;山东龙力生物科技股份有限公司;山西东方亮生命科技股份有限公司;广东兴亿海洋生物工程股份有限公司;广东兴艺数字印刷股份有限公司;广东南字科技股份有限公司;广东天元实业集团股份有限公司;广东天池茶业股份有限公司;广东新宏泽包装股份有限公司;广东绿之彩科技股份有限公司;广东肇庆星湖生物科技股份有限公司;广东英联包装股份有限公司;广东金冠科技股份有限公司;广东高义包装科技股份有限公司;广源包装集团股份有限公司;广西农投糖业集团股份有限公司;康欣新材料股份有限公司;惠州东进农牧股份有限公司;新琪安集团股份有限公司;新疆东方红番茄股份有限公司;新疆冠农股份有限公司;新疆晟源生物科技股份有限公司;新疆泰昆蛋白科技股份有限公司;无锡市兴港包装股份有限公司;早康枸杞股份有限公司;昆山亚香香料股份有限公司;昆山佳合纸制品科技股份有限公司;昆山多宾陈列展示股份有限公司;昇兴集团股份有限公司;晨光生物科技集团股份有限公司;普洱澜沧古茶股份有限公司;朗源股份有限公司;柳州爱格富食品科技股份有限公司;格润食品集团股份有限公司;桂林莱茵生物科技股份有限公司;椰丰集团有限公司;欣融国际控股有限公司;正业国际控股有限公司;武汉博源新材料科技集团股份有限公司;汇源印刷包装科技(天津)股份有限公司;江苏利特尔绿色包装股份有限公司;江苏康能生物工程股份有限公司;江苏新天地食品股份有限公司;江苏润普食品科技股份有限公司;江苏苏北粮油股份有限公司;江西天新药业股份有限公司;河北方大新材料股份有限公司;河北永和荣达生物科技股份有限公司;河南恒瑞淀粉科技股份有限公司;河南永丰面业股份有限公司;河南金丹乳酸科技股份有限公司;浙江京华激光科技股份有限公司;浙江伊宝馨生物科技股份有限公司;浙江众鑫环保科技集团股份有限公司;浙江华康药业股份有限公司;浙江启利兴光可可制品股份有限公司;浙江圣达生物药业股份有限公司;浙江大胜达包装股份有限公司;浙江惠同新材料股份有限公司;浙江新和成股份有限公司;浙江比例聚合科技股份有限公司;浙江江山恒亮蜂产品股份有限公司;浙江特美新材料股份有限公司;浙江码尚科技股份有限公司;浙江艾格生物科技股份有限公司;浙江茗皇天然食品开发股份有限公司;浙江茶乾坤食品股份有限公司;浙江金晟环保股份有限公司;海南京粮控股股份有限公司;深圳劲嘉集团股份有限公司;深圳市柏星龙创意包装股份有限公司;深圳市深粮控股股份有限公司;深圳市裕同包装科技股份有限公司;深圳王子新材料股份有限公司;港娱国际控股有限公司;湖北一致魔芋生物科技股份有限公司;湖北宏裕新型包材股份有限公司;湖北裕国菇业股份有限公司;滨州隆鑫天润食品股份有限公司;澳亚集团有限公司;烟台北方安德利果汁股份有限公司;烟台双塔食品股份有限公司;爱普香料集团股份有限公司;珠海中富实业股份有限公司;甘肃爽口源生态科技股份有限公司;田野创新股份有限公司;益海嘉里金龙鱼食品集团股份有限公司;神冠控股(集团)有限公司;福建南王环保科技股份有限公司;福建清铧茶业股份有限公司;福建环海生物科技股份有限公司;立高食品股份有限公司;粤海永顺泰集团股份有限公司;纷美包装有限公司;美盈森集团股份有限公司;苏州优乐赛共享服务股份有限公司;苏州华源控股股份有限公司;苏州同里印刷科技股份有限公司;苏州欧福蛋业股份有限公司;苏州江天包装科技股份有限公司;苏州炫之彩新材料股份有限公司;英记茶庄集团有限公司;蓝星安迪苏股份有限公司;衢州东峰新材料集团股份有限公司;西安环球印务股份有限公司;贵州永吉印务股份有限公司;透云生物科技集团有限公司;道道全粮油股份有限公司;郑州华英包装股份有限公司;金太阳粮油股份有限公司;金富科技股份有限公司;金鹤农业股份有限公司;锦胜集团(控股)有限公司;陕西金叶科教集团股份有限公司;青岛蔚蓝生物股份有限公司;鸿兴印刷集团有限公司;黄山永新股份有限公司;黑龙江省五米常香农业科技发展股份有限公司;黑龙江省恒源食品股份有限公司;龙利得智能科技股份有限公司,TRUE,上游,FOOD,2026-07-28,
FOOD000007,一级环节,食品饮料流通与消费渠道,level_1;downstream,食品饮料,涵盖经销批发、商超便利、电商零售、餐饮及团餐等B端与C端消费渠道，是产品实现价值变现并反馈终端需求的关键下游。,1957 & Co.(Hospitality) Limited;EDA集团控股有限公司;ISP Global Limited;K2 F&B Holdings Limited;Legion Consortium Limited;Top Standard Corporation;VSING Limited;一木集团(控股)有限公司;万励达国际有限公司;三江购物俱乐部股份有限公司;上海九百股份有限公司;上海全胜物流股份有限公司;上海凯淳实业股份有限公司;上海商会网网络集团股份有限公司;上海小南国控股有限公司;上海徐家汇商城股份有限公司;上海新世界股份有限公司;上海爱婴室商务服务股份有限公司;上海百联集团股份有限公司;上海益民商业集团股份有限公司;上海豫园旅游商城(集团)股份有限公司;世纪金花商业控股有限公司;中储发展股份有限公司;中兴-沈阳商业大厦(集团)股份有限公司;中国全聚德(集团)股份有限公司;中国奇点国峰控股有限公司;中国顺客隆控股有限公司;中彩网通控股有限公司;中百控股集团股份有限公司;中科云网科技集团股份有限公司;中细软科技控股有限公司;乐氏国际控股集团有限公司;九毛九国际控股有限公司;亚洲实业集团(控股)有限公司;亚洲速运物流控股有限公司;京东集团股份有限公司;人人乐连锁商业集团股份有限公司;今米房集团控股有限公司;优品360控股有限公司;优趣汇控股有限公司;优雅电子商务(北京)股份有限公司;传化智联股份有限公司;佳宁娜集团控股有限公司;佳景集团有限公司;供销大集集团股份有限公司;保正(上海)供应链管理股份有限公司;信基沙溪集团股份有限公司;倩碧控股有限公司;先施有限公司;兰州丽尚国潮实业集团股份有限公司;利亚零售有限公司;利福中国集团有限公司;利群商业集团股份有限公司;北京京客隆商业集团股份有限公司;北京六智信息技术股份有限公司;北京华联商厦股份有限公司;北京友宝在线科技股份有限公司;北京国联视讯信息技术股份有限公司;北京天时恒生网络股份有限公司;北京纯聚科技股份有限公司;北京翠微大厦股份有限公司;北京随视传媒科技股份有限公司;华凯易佰科技股份有限公司;华致酒行连锁管理股份有限公司;南京中央商场(集团)股份有限公司;南京虎凤蝶电子商务科技股份有限公司;南京音飞储存设备(集团)股份有限公司;南宁百货大楼股份有限公司;南极电商股份有限公司;厦门吉宏科技股份有限公司;友和集团控股有限公司;双财庄有限公司;叙福楼集团有限公司;古茗控股有限公司;合肥百货大楼集团股份有限公司;同庆楼餐饮股份有限公司;名创优品集团控股有限公司;名科国际控股有限公司;味千(中国)控股有限公司;呷哺呷哺餐饮管理(中国)控股有限公司;唐宫(中国)控股有限公司;四川百茶百道实业股份有限公司;国美零售控股有限公司;圆通国际快递供应链科技有限公司;大商股份有限公司;大家乐集团有限公司;大快活集团有限公司;大连友谊(集团)股份有限公司;大连微冷食品股份有限公司;天虹数科商业股份有限公司;太兴集团控股有限公司;太平洋酒吧集团控股有限公司;奈雪的茶控股有限公司;子不语集团有限公司;宁夏新华物流股份有限公司;宁波中百股份有限公司;宁波瑞星时光商业股份有限公司;安徽华运超市股份有限公司;宏图智能数字科技股份有限公司;宝尊电商有限公司;家家悦集团股份有限公司;密尔克卫智能供应链服务集团股份有限公司;富临集团控股有限公司;小菜园国际控股有限公司;尝·高美集团有限公司;山东三信商贸股份有限公司;岁宝百货控股(中国)有限公司;常州春水堂健康科技股份有限公司;平凉静宁苹果产业发展股份有限公司;广东便捷神科技股份有限公司;广东原尚物流股份有限公司;广东安捷供应链管理股份有限公司;广东宏川智慧物流股份有限公司;广东德力智慧物流股份有限公司;广东海力储存设备股份有限公司;广州凡科互联网科技股份有限公司;广州市广百股份有限公司;广州捷世通供应链股份有限公司;广州若羽臣科技股份有限公司;广州遇见小面餐饮股份有限公司;广西新迅达科技集团股份公司;张家港保税科技(集团)股份有限公司;弥明生活百货控股有限公司;恒基兆业发展有限公司;恒月控股有限公司;慧聪集团有限公司;成都红旗连锁股份有限公司;文峰大世界连锁发展股份有限公司;文明蒙恬(广州)集团股份有限公司;新世界百货中国有限公司;新享时代集团有限公司;新疆友好(集团)股份有限公司;新疆汇嘉时代百货股份有限公司;新疆百富餐饮股份有限公司;无锡商业大厦大东方股份有限公司;易站绿色科技集团有限公司;星盛商业管理股份有限公司;普乐师集团控股有限公司;曌生命控股有限公司;有赞科技有限公司;望湘园(上海)餐饮管理股份有限公司;杭州优全生活科技股份有限公司;杭州华商物流股份有限公司;杭州壹网壹创科技股份有限公司;杭州新丰小吃股份有限公司;杭州解百集团股份有限公司;株洲百货股份有限公司;欧浦智网股份有限公司;步步高商业连锁股份有限公司;武商集团股份有限公司;武汉红鼎豆捞餐饮股份有限公司;永安国际有限公司;永旺(香港)百货有限公司;永辉超市股份有限公司;汉诺佳池控股有限公司;江苏同益国际物流股份有限公司;江苏宏信超市连锁股份有限公司;江苏快而捷物流股份有限公司;江苏锦达保税仓储股份有限公司;江西国光商业连锁股份有限公司;沈阳商业城股份有限公司;沈阳递家物流股份有限公司;沪上阿姨(上海)实业股份有限公司;河北华鑫洺源石油储运股份有限公司;河南去吧看看网络科技股份有限公司;河南酒便利商业股份有限公司;洛阳餐旅实业股份有限公司;浙江东日股份有限公司;浙江中国小商品城集团股份有限公司;浙江衢州东方集团股份有限公司;海伦司国际控股有限公司;海南火焰柒号文化传媒股份有限公司;海底捞国际控股有限公司;海航冷链控股股份有限公司;深圳千岸科技股份有限公司;深圳市三态电子商务股份有限公司;深圳市中海通物流股份有限公司;深圳市农产品集团股份有限公司;深圳市凯东源现代物流股份有限公司;深圳市理德铭科技股份有限公司;深圳市顺电连锁股份有限公司;深圳百果园实业(集团)股份有限公司;湖北华鼎团膳管理股份有限公司;湖北黄商集团股份有限公司;湖南友谊阿波罗商业股份有限公司;湖南鸣鸣很忙商业连锁股份有限公司;炙龙控股有限公司;特海国际控股有限公司;狮头科技发展股份有限公司;猫屎咖啡控股有限公司;王府井集团股份有限公司;环球友饮智能控股有限公司;环科国际集团有限公司;珠海恒基达鑫国际化工仓储股份有限公司;甘肃国芳工贸(集团)股份有限公司;生活概念控股有限公司;百大集团股份有限公司;百盛商业集团有限公司;百福控股有限公司;福建万辰食品集团股份有限公司;福建东百集团股份有限公司;福建省熠烁科技股份有限公司;福禄控股有限公司;秀商时代控股有限公司;稻香控股有限公司;红星冷链(湖南)股份有限公司;绿茶集团有限公司;翠华控股有限公司;老娘舅餐饮股份有限公司;联华超市股份有限公司;聚利宝控股有限公司;聚水潭集团股份有限公司;苏宁易购集团股份有限公司;苏州蓝鼎餐饮管理股份有限公司;荣晖控股有限公司;蜜雪冰城股份有限公司;裕程物流集团有限公司;西安小六饮食(集团)股份有限公司;西安饮食股份有限公司;谊和股份有限公司;赏之味控股有限公司;跨境通宝电子商务股份有限公司;达势股份有限公司;通化葡萄酒股份有限公司;重庆重百科技集团股份有限公司;金源发展国际实业有限公司;银川新华百货商业集团股份有限公司;银座集团股份有限公司;银盛数惠数字有限公司;长春欧亚集团股份有限公司;长沙通程控股股份有限公司;阿尔法企业控股有限公司;阿里巴巴集团控股有限公司;陕西德元数字科技股份有限公司;青岛城业城供应链股份有限公司;青岛天行健物流股份有限公司;青木科技股份有限公司;香港科技探索有限公司;驰骋控股集团股份有限公司;骏高控股有限公司;高鑫零售有限公司;黄淮农产品股份有限公司;齐屹科技(开曼)有限公司;龙丰集团控股有限公司;龙洲集团股份有限公司;龙辉国际控股有限公司,TRUE,下游,FOOD,2026-07-28,
FOOD001001,细分环节,白酒,level_2;midstream,食品饮料,以粮谷为主要原料，经制曲、发酵、蒸馏、陈酿和勾调形成的蒸馏酒。,北京顺鑫农业股份有限公司;四川水井坊股份有限公司;安徽九华山酒业股份有限公司;安徽口子酒业股份有限公司;安徽古井贡酒股份有限公司;安徽迎驾贡酒股份有限公司;安徽金种子酒业股份有限公司;宜宾五粮液股份有限公司;山西杏花村汾酒厂股份有限公司;新疆伊力特实业股份有限公司;江苏今世缘酒业股份有限公司;江苏洋河酒厂股份有限公司;河北衡水老白干酒业股份有限公司;泸州老窖股份有限公司;海南椰岛(集团)股份有限公司;珍酒李渡集团有限公司;甘肃皇台酒业股份有限公司;舍得酒业股份有限公司;贵州茅台酒股份有限公司;酒鬼酒股份有限公司;金徽酒股份有限公司;青海互助天佑德青稞酒股份有限公司,FALSE,中游,FOOD,2026-07-28,
FOOD001002,细分环节,啤酒,level_2;midstream,食品饮料,以麦芽、啤酒花和水等为原料，经糖化、发酵、过滤和灌装形成的发酵酒。,兰州黄河企业股份有限公司;北京燕京啤酒股份有限公司;华润啤酒(控股)有限公司;广州珠江啤酒股份有限公司;百威亚太控股有限公司;福建省燕京惠泉啤酒股份有限公司;西藏发展股份有限公司;重庆啤酒股份有限公司;青岛啤酒股份有限公司;香港生力啤酒厂有限公司,FALSE,中游,FOOD,2026-07-28,
FOOD001007,细分环节,葡萄酒,level_2;midstream,食品饮料,以葡萄为原料，经发酵、陈酿和灌装形成的酒类产品。,中信尼雅葡萄酒股份有限公司;中国通天酒业集团有限公司;吐鲁番楼兰酒庄股份有限公司;威龙葡萄酒股份有限公司;宁夏法塞特农业科技股份有限公司;怡园酒业控股有限公司;烟台张裕葡萄酿酒股份有限公司;王朝酒业集团有限公司;甘肃莫高实业发展股份有限公司,FALSE,中游,FOOD,2026-07-28,
FOOD001008,细分环节,黄酒,level_2;midstream,食品饮料,以谷物为原料，经糖化发酵和陈酿形成的传统酿造酒。,上海金枫酒业股份有限公司;中国北大荒产业集团控股有限公司;会稽山绍兴酒股份有限公司;山西天生红枣业股份有限公司;浙江古越龙山绍兴酒股份有限公司,FALSE,中游,FOOD,2026-07-28,
FOOD001009,细分环节,预调酒,level_2;midstream,食品饮料,以酒基和风味饮料调配形成的低度酒精饮品。,上海百润投资控股集团股份有限公司;国农金融投资有限公司;成都巨龙生物科技股份有限公司;百利达集团控股有限公司;美捷汇控股有限公司,FALSE,中游,FOOD,2026-07-28,
FOOD002001,细分环节,包装饮用水,level_2;midstream,食品饮料,瓶装水、桶装水和饮用天然水等产品。,5100藏冰川有限公司;中国食品有限公司;农夫山泉股份有限公司;华润饮料(控股)有限公司;吉林泉阳泉股份有限公司;海南航旅饮品股份有限公司,FALSE,中游,FOOD,2026-07-28,
FOOD002002,细分环节,碳酸饮料,level_2;midstream,食品饮料,含二氧化碳的甜味饮料。,IFBH Limited;中国食品有限公司;森美(集团)控股有限公司;辽宁宝丽嘉华生物医药科技股份有限公司,FALSE,中游,FOOD,2026-07-28,
FOOD002003,细分环节,茶饮料,level_2;midstream,食品饮料,即饮茶、无糖茶和茶浓缩液相关饮品。,厦门快乐番薯股份有限公司;广东利泰大健康产业股份有限公司;康师傅控股有限公司;捷荣国际控股有限公司;统一企业中国控股有限公司;香飘飘食品股份有限公司;鸿福堂集团控股有限公司,FALSE,中游,FOOD,2026-07-28,
FOOD002005,细分环节,果汁与果蔬饮料,level_2;midstream,食品饮料,果汁、果味饮料和果蔬复合饮料。,中国食品有限公司;山东唯可鲜食品集团股份有限公司;欢乐家食品集团股份有限公司;浙江丰岛食品股份有限公司,FALSE,中游,FOOD,2026-07-28,
FOOD002007,细分环节,功能饮料,level_2;midstream,食品饮料,能量饮料、电解质水和运动饮料。,东鹏饮料(集团)股份有限公司,FALSE,中游,FOOD,2026-07-28,
FOOD002009,细分环节,植物蛋白饮料,level_2;midstream,食品饮料,豆奶、椰汁、杏仁露等植物蛋白饮品。,四川百夫长清真食品股份有限公司;天地壹号饮料股份有限公司;承德露露股份公司;河北养元智汇饮品股份有限公司;祖名豆制品集团股份有限公司;维维食品饮料股份有限公司,FALSE,中游,FOOD,2026-07-28,
FOOD002011,细分环节,含乳饮料,level_2;midstream,食品饮料,乳酸菌饮品、调制乳饮料和复合蛋白饮品。,佳禾食品工业股份有限公司;浙江李子园食品股份有限公司;湖北均瑶大健康饮品股份有限公司;维他奶国际集团有限公司,FALSE,中游,FOOD,2026-07-28,
FOOD002012,细分环节,乳制品制造,level_2;midstream,食品饮料,液态奶、发酵乳、奶粉、奶酪和黄油等乳制品生产。,上海妙可蓝多食品科技股份有限公司;中国旺旺控股有限公司;中国蒙牛乳业有限公司;中国飞鹤有限公司;健合(H&H)国际控股有限公司;光明乳业股份有限公司;兰州庄园牧场股份有限公司;内蒙古伊利实业集团股份有限公司;内蒙古骑士乳业集团股份有限公司;北京三元食品股份有限公司;品渥食品股份有限公司;四川菊乐食品股份有限公司;广东燕塘乳业股份有限公司;广西百菲乳业股份有限公司;新希望乳业股份有限公司;新疆天润乳业股份有限公司;新疆西部牧业股份有限公司;江西阳光乳业股份有限公司;河南科迪乳业股份有限公司;浙江一景乳业股份有限公司;浙江一鸣食品股份有限公司;澳优乳业股份有限公司;熊猫乳品集团股份有限公司;牧同科技股份有限公司;皇氏集团股份有限公司;英氏控股集团股份有限公司;贝因美股份有限公司;贵州南方乳业股份有限公司,FALSE,中游,FOOD,2026-07-28,
FOOD002013,细分环节,常温液态奶,level_3;midstream,食品饮料,UHT灭菌奶和常温调制乳。,中国旺旺控股有限公司;光明乳业股份有限公司;四川菊乐食品股份有限公司;广东燕塘乳业股份有限公司;新希望乳业股份有限公司;河南科迪乳业股份有限公司,FALSE,中游,FOOD,2026-07-28,
FOOD002015,细分环节,低温乳制品,level_3;midstream,食品饮料,巴氏奶、酸奶和低温发酵乳。,光明乳业股份有限公司;新希望乳业股份有限公司;江西阳光乳业股份有限公司;浙江一景乳业股份有限公司;浙江一鸣食品股份有限公司;皇氏集团股份有限公司;贵州南方乳业股份有限公司,FALSE,中游,FOOD,2026-07-28,
FOOD002016,细分环节,奶粉与干乳制品,level_3;midstream,食品饮料,婴配粉、成人奶粉和乳清粉等干乳制品。,中国飞鹤有限公司;健合(H&H)国际控股有限公司;澳优乳业股份有限公司;英氏控股集团股份有限公司;贝因美股份有限公司,FALSE,中游,FOOD,2026-07-28,
FOOD003001,细分环节,发酵调味品,level_2;midstream,食品饮料,酱油、醋、豆酱等发酵型调味食品。,中炬高新技术实业(集团)股份有限公司;佛山市海天调味食品股份有限公司;保定味群食品科技股份有限公司;加加食品集团股份有限公司;山东丰香园食品股份有限公司;山东龙盛食品股份有限公司;常茂生物化学工程股份有限公司;成都太和坊食品股份有限公司;江苏恒顺醋业股份有限公司;浙江济公缘控股股份有限公司;湖南汇湘轩生物科技股份有限公司;绍兴咸亨食品股份有限公司;老恒和酿造有限公司;重庆市涪陵榨菜集团股份有限公司;金菜地食品股份有限公司;长春市朱老六食品股份有限公司,FALSE,中游,FOOD,2026-07-28,
FOOD003002,细分环节,复合调味料,level_2;midstream,食品饮料,火锅底料、复合调味酱和中式复调产品。,上海宝立食品科技股份有限公司;仲景食品股份有限公司;四川天味食品集团股份有限公司;宁夏红山河食品股份有限公司;安记食品股份有限公司;幺麻子食品股份有限公司;广东百利食品股份有限公司;江苏特味浓食品股份有限公司;荣成协汇食品股份有限公司;青岛日辰食品股份有限公司;颐海国际控股有限公司,FALSE,中游,FOOD,2026-07-28,
FOOD003003,细分环节,酱油,level_3;midstream,食品饮料,以大豆或脱脂大豆、小麦等为原料酿造的基础调味品。,中炬高新技术实业(集团)股份有限公司;佛山市海天调味食品股份有限公司;加加食品集团股份有限公司;山东丰香园食品股份有限公司;山东龙盛食品股份有限公司;湖南汇湘轩生物科技股份有限公司;绍兴咸亨食品股份有限公司,FALSE,中游,FOOD,2026-07-28,
FOOD003004,细分环节,食醋,level_3;midstream,食品饮料,以粮食等为原料发酵生产的酸味基础调味品。,常茂生物化学工程股份有限公司;江苏恒顺醋业股份有限公司;老恒和酿造有限公司,FALSE,中游,FOOD,2026-07-28,
FOOD003005,细分环节,豆瓣酱与腐乳,level_3;midstream,食品饮料,豆类或谷物发酵形成的酱类和腐乳产品。,重庆市涪陵榨菜集团股份有限公司;金菜地食品股份有限公司;长春市朱老六食品股份有限公司,FALSE,中游,FOOD,2026-07-28,
FOOD003007,细分环节,中式复合调味料,level_3;midstream,食品饮料,面向家庭和餐饮的中式菜肴复合调味产品。,宁夏红山河食品股份有限公司;幺麻子食品股份有限公司;荣成协汇食品股份有限公司;颐海国际控股有限公司,FALSE,中游,FOOD,2026-07-28,
FOOD003010,细分环节,餐饮定制调味料,level_3;midstream,食品饮料,面向连锁餐饮和食品工业客户的标准化定制调味产品。,青岛日辰食品股份有限公司,FALSE,中游,FOOD,2026-07-28,
FOOD003011,细分环节,基础调味品,level_2;midstream,食品饮料,家庭和餐饮高频使用的基础咸鲜调味品。,味丹国际(控股)有限公司;广东佳隆食品股份有限公司;广东百味佳味业科技股份有限公司;抚顺独凤轩骨神生物技术股份有限公司;梅花生物科技集团股份有限公司;莲花控股股份有限公司;阜丰集团有限公司,FALSE,中游,FOOD,2026-07-28,
FOOD004001,细分环节,休闲食品制造,level_2;midstream,食品饮料,坚果炒货、卤味零食、膨化食品和糖果巧克力等零食制造。,TS Wonders Holding Limited;三只松鼠股份有限公司;上海来伊份股份有限公司;中国旺旺控股有限公司;久久王食品国际有限公司;五谷磨房食品国际控股有限公司;亲亲食品集团(开曼)股份有限公司;北京御食园食品股份有限公司;南方黑芝麻集团股份有限公司;卫龙美味全球控股有限公司;周黑鸭国际控股有限公司;嘉士利集团有限公司;四洲集团有限公司;大连林家铺子食品股份有限公司;好想你健康食品股份有限公司;宾仕国际控股有限公司;广东林中宝生物科技股份有限公司;广东生和堂健康食品股份有限公司;张家港福吉佳食品股份有限公司;快餐帝国控股有限公司;有友食品股份有限公司;桂林西麦食品股份有限公司;正味集团控股有限公司;江西煌上煌集团食品股份有限公司;江西齐云山食品股份有限公司;江门丽宫侨宝陈皮健康产业发展股份有限公司;洽洽食品股份有限公司;溜溜梅股份有限公司;甘源食品股份有限公司;盐津铺子食品股份有限公司;紫燕食品集团股份有限公司;绝味食品股份有限公司;良品铺子股份有限公司;蜡笔小新休闲食品集团有限公司;金磨坊食品股份有限公司,FALSE,中游,FOOD,2026-07-28,
FOOD004002,细分环节,坚果炒货,level_3;midstream,食品饮料,坚果、籽类和炒货零食。,五谷磨房食品国际控股有限公司;好想你健康食品股份有限公司;洽洽食品股份有限公司;甘源食品股份有限公司,FALSE,中游,FOOD,2026-07-28,
FOOD004003,细分环节,卤味与肉类零食,level_3;midstream,食品饮料,卤制品、肉干肉脯等休闲肉制品。,周黑鸭国际控股有限公司;有友食品股份有限公司;江西煌上煌集团食品股份有限公司;紫燕食品集团股份有限公司;绝味食品股份有限公司;金磨坊食品股份有限公司,FALSE,中游,FOOD,2026-07-28,
FOOD004004,细分环节,烘焙食品制造,level_2;midstream,食品饮料,面包、糕点、饼干等烘焙食品生产。,上海元祖梦果子股份有限公司;中饮巴比食品股份有限公司;北京酥儿胡同科技发展股份有限公司;南侨食品集团(上海)股份有限公司;唇动食品股份有限公司;天津桂发祥十八街麻花食品股份有限公司;广州酒家集团股份有限公司;桃李面包股份有限公司;立高食品股份有限公司;第一太平有限公司;青岛食品股份有限公司;麦趣尔集团股份有限公司,FALSE,中游,FOOD,2026-07-28,
FOOD004005,细分环节,短保烘焙,level_3;midstream,食品饮料,依赖冷链和高周转的短保面包糕点。,桃李面包股份有限公司;立高食品股份有限公司;麦趣尔集团股份有限公司,FALSE,中游,FOOD,2026-07-28,
FOOD004006,细分环节,中长保烘焙,level_3;midstream,食品饮料,饼干、蛋糕、派类等货架期较长烘焙食品。,唇动食品股份有限公司;天津桂发祥十八街麻花食品股份有限公司,FALSE,中游,FOOD,2026-07-28,
FOOD004007,细分环节,糖果巧克力,level_3;midstream,食品饮料,糖果、巧克力及相关甜味休闲食品。,久久王食品国际有限公司;亲亲食品集团(开曼)股份有限公司;蜡笔小新休闲食品集团有限公司,FALSE,中游,FOOD,2026-07-28,
FOOD004009,细分环节,蜜饯果冻,level_3;midstream,食品饮料,果蔬蜜饯、果脯和果冻等休闲食品。,大连林家铺子食品股份有限公司;广东生和堂健康食品股份有限公司;江西齐云山食品股份有限公司;溜溜梅股份有限公司,FALSE,中游,FOOD,2026-07-28,
FOOD004010,细分环节,饼干,level_3;midstream,食品饮料,以面粉、油脂和糖等为主要原料的饼干产品。,中国旺旺控股有限公司;嘉士利集团有限公司;张家港福吉佳食品股份有限公司;桂林西麦食品股份有限公司,FALSE,中游,FOOD,2026-07-28,
FOOD005001,细分环节,速冻食品制造,level_2;midstream,食品饮料,速冻米面、火锅料和冷冻水产等冷冻食品制造。,三全食品股份有限公司;安井食品集团股份有限公司;山东惠发食品股份有限公司;浙江五芳斋实业股份有限公司;浙江大家食品股份有限公司;海欣食品股份有限公司;郑州千味央厨食品股份有限公司;锅圈食品(上海)股份有限公司,FALSE,中游,FOOD,2026-07-28,
FOOD005002,细分环节,速冻米面食品,level_3;midstream,食品饮料,水饺、汤圆、包点等速冻米面食品。,三全食品股份有限公司;安井食品集团股份有限公司;浙江五芳斋实业股份有限公司;浙江大家食品股份有限公司;郑州千味央厨食品股份有限公司,FALSE,中游,FOOD,2026-07-28,
FOOD005004,细分环节,速冻火锅料,level_3;midstream,食品饮料,鱼糜制品、肉丸和火锅涮煮食材。,安井食品集团股份有限公司;山东惠发食品股份有限公司;海欣食品股份有限公司;锅圈食品(上海)股份有限公司,FALSE,中游,FOOD,2026-07-28,
FOOD005005,细分环节,肉制品加工,level_2;midstream,食品饮料,屠宰分割、熟肉制品、腌腊肉制品等肉类加工。,万洲国际有限公司;上海丁义兴食品股份有限公司;上海光明肉业集团股份有限公司;上海大牧汗食品股份有限公司;中国雨润食品集团有限公司;中粮家佳康食品有限公司;云南海潮集团听牧肉牛产业股份有限公司;兰州亚成生物科技股份有限公司;内蒙古澳菲利食品股份有限公司;内蒙古额尔敦羊业股份有限公司;北京鹫峰科技开发股份有限公司;宁波飞润海洋生物科技股份有限公司;安庆新雪莲生物科技股份有限公司;安徽荷金来农业发展股份有限公司;山东得利斯食品股份有限公司;山东惠发食品股份有限公司;山东龙大美食股份有限公司;广东广弘控股股份有限公司;广东裕丰食品股份有限公司;广东颐丰智慧农业股份有限公司;惠生国际控股有限公司;汕头市潮庭食品股份有限公司;江苏味巴哥食品股份有限公司;河北康远清真食品股份有限公司;河南双汇投资发展股份有限公司;济宁鸿润食品股份有限公司;浙江华统肉制品股份有限公司;浙江金海蕴生物股份有限公司;浙江香海食品股份有限公司;盛融控股有限公司;福建闽威实业股份有限公司;粤海广南(集团)有限公司;草原兴发食品科技(北京)股份有限公司;贵州五福坊食品(集团)股份有限公司;运兴泰集团控股有限公司;重庆旺峰肉业股份有限公司;金字火腿股份有限公司;香港食品投资控股有限公司,FALSE,中游,FOOD,2026-07-28,
FOOD005006,细分环节,熟肉制品加工,level_3;midstream,食品饮料,火腿肠、酱卤肉和熟食产品加工。,上海大牧汗食品股份有限公司;北京鹫峰科技开发股份有限公司;安庆新雪莲生物科技股份有限公司;山东得利斯食品股份有限公司;山东惠发食品股份有限公司;江苏味巴哥食品股份有限公司;河北康远清真食品股份有限公司;河南双汇投资发展股份有限公司;济宁鸿润食品股份有限公司;金字火腿股份有限公司,FALSE,中游,FOOD,2026-07-28,
FOOD005007,细分环节,方便食品制造,level_2;midstream,食品饮料,方便面、方便米饭、即食粥和自热食品等方便食品制造。,中国万天控股有限公司;康师傅控股有限公司;日清食品有限公司;江西金田麦食品股份有限公司;统一企业中国控股有限公司;陈克明食品股份有限公司,FALSE,中游,FOOD,2026-07-28,
FOOD005008,细分环节,预制菜与餐食加工,level_2;midstream,食品饮料,净菜、料理包、半成品菜和即热餐食等加工。,春雪食品集团股份有限公司;浙江明辉蔬果配送股份有限公司;盖世食品股份有限公司;舟山泰和食品股份有限公司;苏州市味知香食品股份有限公司;锅圈食品(上海)股份有限公司;黑龙江北鳐食品股份有限公司,FALSE,中游,FOOD,2026-07-28,
FOOD005009,细分环节,净菜产品,level_3;midstream,食品饮料,面向家庭、餐饮和团餐渠道的清洗、切配、包装化蔬菜产品。,浙江明辉蔬果配送股份有限公司;盖世食品股份有限公司,FALSE,中游,FOOD,2026-07-28,
FOOD005010,细分环节,料理包与半成品菜,level_3;midstream,食品饮料,面向餐饮和家庭消费的半成品菜肴。,舟山泰和食品股份有限公司;锅圈食品(上海)股份有限公司,FALSE,中游,FOOD,2026-07-28,
FOOD005011,细分环节,保健食品制造,level_2;midstream,食品饮料,营养补充、功能声称和特殊膳食相关食品制造。,厦门燕之屋燕窝产业股份有限公司;威海紫光优健科技股份有限公司;山东东阿东方阿胶股份有限公司;山东东阿百年堂阿胶生物制品股份有限公司;杭州博可生物科技股份有限公司;武汉九生堂生物科技股份有限公司;澳至尊国际控股有限公司;甘肃陇萃堂营养保健食品股份有限公司;碧生源控股有限公司,FALSE,中游,FOOD,2026-07-28,
FOOD005012,细分环节,高温肉制品,level_3;midstream,食品饮料,经高温杀菌、常温流通的火腿肠和肉类罐头等产品。,河南双汇投资发展股份有限公司,FALSE,中游,FOOD,2026-07-28,
FOOD006001,细分环节,农产品原料,level_2;upstream,食品饮料,农业、畜牧、水产、乳品和特色农产品等食品饮料上游基础供给。,中国优然牧业集团有限公司;中国圣牧有机奶业有限公司;中国淀粉控股有限公司;中国现代牧业控股有限公司;中基健康产业股份有限公司;中粮生物科技股份有限公司;中粮糖业控股股份有限公司;云南龙生茶业股份有限公司;亚洲木薯资源控股有限公司;亚洲果业控股有限公司;佳沃食品股份有限公司;内蒙古佰惠生新农业科技股份有限公司;内蒙古华欧淀粉工业股份有限公司;包头华资实业股份有限公司;十月稻田集团股份有限公司;南顺(香港)有限公司;原生态牧业有限公司;合肥银山棉麻股份有限公司;国投中鲁果汁股份有限公司;大成玉米集团有限公司;大成生化科技集团有限公司;大连海宝食品股份有限公司;宁波索宝蛋白科技股份有限公司;安徽利民生物科技股份有限公司;安徽合益食品股份有限公司;山东东方海洋科技股份有限公司;山东凯欣绿色食品股份有限公司;山东嘉华生物科技股份有限公司;山东环丰食品股份有限公司;山西东方亮生命科技股份有限公司;广东兴亿海洋生物工程股份有限公司;广东天池茶业股份有限公司;广西农投糖业集团股份有限公司;惠州东进农牧股份有限公司;新疆东方红番茄股份有限公司;新疆冠农股份有限公司;新疆晟源生物科技股份有限公司;新疆泰昆蛋白科技股份有限公司;早康枸杞股份有限公司;普洱澜沧古茶股份有限公司;朗源股份有限公司;格润食品集团股份有限公司;椰丰集团有限公司;江苏康能生物工程股份有限公司;江苏新天地食品股份有限公司;江苏苏北粮油股份有限公司;河南恒瑞淀粉科技股份有限公司;河南永丰面业股份有限公司;浙江茗皇天然食品开发股份有限公司;浙江茶乾坤食品股份有限公司;海南京粮控股股份有限公司;深圳市深粮控股股份有限公司;湖北裕国菇业股份有限公司;滨州隆鑫天润食品股份有限公司;澳亚集团有限公司;烟台北方安德利果汁股份有限公司;烟台双塔食品股份有限公司;甘肃爽口源生态科技股份有限公司;田野创新股份有限公司;益海嘉里金龙鱼食品集团股份有限公司;福建清铧茶业股份有限公司;福建环海生物科技股份有限公司;粤海永顺泰集团股份有限公司;苏州欧福蛋业股份有限公司;英记茶庄集团有限公司;道道全粮油股份有限公司;金太阳粮油股份有限公司;金鹤农业股份有限公司;黑龙江省五米常香农业科技发展股份有限公司;黑龙江省恒源食品股份有限公司,FALSE,上游,FOOD,2026-07-28,
FOOD006002,细分环节,粮食作物,level_3;upstream,食品饮料,小麦、水稻、玉米、高粱等粮食作物，是烘焙、方便食品、白酒、啤酒和淀粉糖的重要基础原料。,中国淀粉控股有限公司;亚洲木薯资源控股有限公司;内蒙古华欧淀粉工业股份有限公司;十月稻田集团股份有限公司;合肥银山棉麻股份有限公司;大成玉米集团有限公司;大成生化科技集团有限公司;山东环丰食品股份有限公司;山西东方亮生命科技股份有限公司;江苏苏北粮油股份有限公司;河南恒瑞淀粉科技股份有限公司;河南永丰面业股份有限公司;深圳市深粮控股股份有限公司;滨州隆鑫天润食品股份有限公司;益海嘉里金龙鱼食品集团股份有限公司;粤海永顺泰集团股份有限公司;金鹤农业股份有限公司;黑龙江省五米常香农业科技发展股份有限公司,FALSE,上游,FOOD,2026-07-28,
FOOD006005,细分环节,油料作物,level_3;upstream,食品饮料,大豆、菜籽、花生等油料作物，支撑食用油、蛋白粕和部分休闲食品加工。,南顺(香港)有限公司;宁波索宝蛋白科技股份有限公司;山东嘉华生物科技股份有限公司;海南京粮控股股份有限公司;益海嘉里金龙鱼食品集团股份有限公司;道道全粮油股份有限公司;金太阳粮油股份有限公司,FALSE,上游,FOOD,2026-07-28,
FOOD006007,细分环节,糖料作物,level_3;upstream,食品饮料,甘蔗、甜菜等糖料作物，支撑食糖、糖浆和部分饮料甜味体系。,中粮生物科技股份有限公司;中粮糖业控股股份有限公司;内蒙古佰惠生新农业科技股份有限公司;包头华资实业股份有限公司;广西农投糖业集团股份有限公司;新疆晟源生物科技股份有限公司,FALSE,上游,FOOD,2026-07-28,
FOOD006009,细分环节,畜禽产品,level_3;upstream,食品饮料,猪禽牛羊等肉类及蛋品，是肉制品、预制菜和餐饮食材的重要原料。,惠州东进农牧股份有限公司;新疆泰昆蛋白科技股份有限公司;烟台双塔食品股份有限公司,FALSE,上游,FOOD,2026-07-28,
FOOD006010,细分环节,水产品,level_3;upstream,食品饮料,鱼虾贝等水产品，支撑速冻水产、预制菜和鱼糜制品。,佳沃食品股份有限公司;大连海宝食品股份有限公司;山东东方海洋科技股份有限公司;广东兴亿海洋生物工程股份有限公司;福建环海生物科技股份有限公司,FALSE,上游,FOOD,2026-07-28,
FOOD006011,细分环节,乳品原料,level_3;upstream,食品饮料,生鲜乳及乳源原料，支撑液态奶、发酵乳、奶粉和含乳饮料。,中国优然牧业集团有限公司;中国圣牧有机奶业有限公司;中国现代牧业控股有限公司;原生态牧业有限公司;格润食品集团股份有限公司;澳亚集团有限公司;苏州欧福蛋业股份有限公司,FALSE,上游,FOOD,2026-07-28,
FOOD006013,细分环节,果蔬原料,level_3;upstream,食品饮料,水果、蔬菜和果蔬浓缩汁，支撑果汁饮料、净菜、预制菜和休闲食品。,中基健康产业股份有限公司;亚洲果业控股有限公司;国投中鲁果汁股份有限公司;安徽合益食品股份有限公司;山东凯欣绿色食品股份有限公司;新疆东方红番茄股份有限公司;新疆冠农股份有限公司;早康枸杞股份有限公司;朗源股份有限公司;椰丰集团有限公司;湖北裕国菇业股份有限公司;烟台北方安德利果汁股份有限公司;甘肃爽口源生态科技股份有限公司;田野创新股份有限公司;黑龙江省恒源食品股份有限公司,FALSE,上游,FOOD,2026-07-28,
FOOD006015,细分环节,茶叶与植物原料,level_3;upstream,食品饮料,茶叶、咖啡豆、坚果、豆类等特色植物原料，支撑茶饮、植物蛋白饮料和休闲食品。,云南龙生茶业股份有限公司;广东天池茶业股份有限公司;普洱澜沧古茶股份有限公司;江苏康能生物工程股份有限公司;浙江茗皇天然食品开发股份有限公司;浙江茶乾坤食品股份有限公司;福建清铧茶业股份有限公司;英记茶庄集团有限公司,FALSE,上游,FOOD,2026-07-28,
FOOD006017,细分环节,食品添加剂与配料,level_2;upstream,食品饮料,改善口感、保质、营养、质构和风味的功能性配料与添加剂。,上海大力人良科技发展股份有限公司;上海海融食品科技股份有限公司;上海美农生物科技股份有限公司;东晓生物科技股份有限公司;中国波顿集团有限公司;保龄宝生物股份有限公司;兄弟科技股份有限公司;北京瓜尔润科技股份有限公司;北京科拓恒通生物技术股份有限公司;华宝国际控股有限公司;华宝科技股份有限公司;南通光合生物技术股份有限公司;南通醋酸化工股份有限公司;嘉必优生物技术(武汉)股份有限公司;宁波玉健健康科技股份有限公司;安徽华业香料股份有限公司;安徽华恒生物科技股份有限公司;安徽金禾实业股份有限公司;安徽雪郎生物科技股份有限公司;安琪酵母股份有限公司;山东三元生物科技股份有限公司;山东吉田香料股份有限公司;山东天骄生物技术股份有限公司;山东百龙创园生物科技股份有限公司;山东艾德森生物科技股份有限公司;山东龙力生物科技股份有限公司;广东南字科技股份有限公司;广东肇庆星湖生物科技股份有限公司;新琪安集团股份有限公司;昆山亚香香料股份有限公司;晨光生物科技集团股份有限公司;柳州爱格富食品科技股份有限公司;桂林莱茵生物科技股份有限公司;欣融国际控股有限公司;江苏润普食品科技股份有限公司;江西天新药业股份有限公司;河北永和荣达生物科技股份有限公司;河南金丹乳酸科技股份有限公司;浙江伊宝馨生物科技股份有限公司;浙江华康药业股份有限公司;浙江启利兴光可可制品股份有限公司;浙江圣达生物药业股份有限公司;浙江新和成股份有限公司;浙江江山恒亮蜂产品股份有限公司;浙江艾格生物科技股份有限公司;湖北一致魔芋生物科技股份有限公司;爱普香料集团股份有限公司;立高食品股份有限公司;蓝星安迪苏股份有限公司;青岛蔚蓝生物股份有限公司,FALSE,上游,FOOD,2026-07-28,
FOOD006018,细分环节,甜味剂,level_3;upstream,食品饮料,蔗糖、果葡糖浆、代糖等改善甜味和热量结构的配料。,上海海融食品科技股份有限公司;东晓生物科技股份有限公司;保龄宝生物股份有限公司;宁波玉健健康科技股份有限公司;安徽华恒生物科技股份有限公司;安徽金禾实业股份有限公司;安徽雪郎生物科技股份有限公司;山东三元生物科技股份有限公司;山东百龙创园生物科技股份有限公司;山东龙力生物科技股份有限公司;广东南字科技股份有限公司;新琪安集团股份有限公司;柳州爱格富食品科技股份有限公司;桂林莱茵生物科技股份有限公司;江苏润普食品科技股份有限公司;河南金丹乳酸科技股份有限公司;浙江华康药业股份有限公司;浙江启利兴光可可制品股份有限公司;浙江江山恒亮蜂产品股份有限公司,FALSE,上游,FOOD,2026-07-28,
FOOD006020,细分环节,香精香料,level_3;upstream,食品饮料,食品饮料风味设计和差异化的重要配料。,中国波顿集团有限公司;华宝国际控股有限公司;华宝科技股份有限公司;安徽华业香料股份有限公司;山东吉田香料股份有限公司;广东肇庆星湖生物科技股份有限公司;昆山亚香香料股份有限公司;晨光生物科技集团股份有限公司;爱普香料集团股份有限公司,FALSE,上游,FOOD,2026-07-28,
FOOD006023,细分环节,乳化稳定剂与胶体,level_3;upstream,食品饮料,改善饮料、乳品、酱料和烘焙食品质构稳定性的配料。,北京瓜尔润科技股份有限公司,FALSE,上游,FOOD,2026-07-28,
FOOD006025,细分环节,营养强化剂,level_3;upstream,食品饮料,维生素、矿物质、氨基酸等功能营养配料。,嘉必优生物技术(武汉)股份有限公司;山东天骄生物技术股份有限公司;江西天新药业股份有限公司;浙江圣达生物药业股份有限公司;浙江新和成股份有限公司;浙江艾格生物科技股份有限公司,FALSE,上游,FOOD,2026-07-28,
FOOD006026,细分环节,酶制剂与发酵配料,level_3;upstream,食品饮料,酶制剂、酵母和发酵助剂，支撑烘焙、酿造和调味品生产。,北京科拓恒通生物技术股份有限公司;南通光合生物技术股份有限公司;安琪酵母股份有限公司;立高食品股份有限公司,FALSE,上游,FOOD,2026-07-28,
FOOD006028,细分环节,包装材料,level_2;upstream,食品饮料,直接影响成本、货架展示、运输安全和保质期的食品饮料包装材料与容器。,Teamway International Group Holdings Limited;上海宝钢包装股份有限公司;上海新通联包装股份有限公司;上海海顺新型药用包装材料股份有限公司;上海紫江企业集团股份有限公司;上海翔港包装科技股份有限公司;上海艾录包装股份有限公司;上海顺灏新材料科技股份有限公司;东莞市厚威包装科技股份有限公司;东莞铭丰包装股份有限公司;东营正宜包装股份有限公司;中国铝罐控股有限公司;中宝新材集团有限公司;中荣印刷集团股份有限公司;伟立控股有限公司;冠均国际控股有限公司;力图控股有限公司;华信地产财务有限公司;华禧控股有限公司;南京沪江复合材料股份有限公司;厦门合兴包装印刷股份有限公司;合丰集团控股有限公司;哈尔滨鹏程新材料科技股份有限公司;嘉兴市豪能科技股份有限公司;嘉美食品包装(滁州)股份有限公司;嘉耀控股有限公司;国际济丰包装集团;天津艺虹智能包装科技股份有限公司;奥瑞金科技股份有限公司;宁波喜悦智行科技股份有限公司;安徽集友新材料股份有限公司;安徽颍美科技股份有限公司;安捷包装(苏州)股份有限公司;宝艺新材料股份有限公司;山东中锐产业发展股份有限公司;山东新巨丰科技包装股份有限公司;广东兴艺数字印刷股份有限公司;广东天元实业集团股份有限公司;广东新宏泽包装股份有限公司;广东绿之彩科技股份有限公司;广东英联包装股份有限公司;广东金冠科技股份有限公司;广东高义包装科技股份有限公司;广源包装集团股份有限公司;康欣新材料股份有限公司;无锡市兴港包装股份有限公司;昆山佳合纸制品科技股份有限公司;昆山多宾陈列展示股份有限公司;昇兴集团股份有限公司;正业国际控股有限公司;武汉博源新材料科技集团股份有限公司;汇源印刷包装科技(天津)股份有限公司;江苏利特尔绿色包装股份有限公司;河北方大新材料股份有限公司;浙江京华激光科技股份有限公司;浙江众鑫环保科技集团股份有限公司;浙江大胜达包装股份有限公司;浙江惠同新材料股份有限公司;浙江比例聚合科技股份有限公司;浙江特美新材料股份有限公司;浙江码尚科技股份有限公司;浙江金晟环保股份有限公司;深圳劲嘉集团股份有限公司;深圳市柏星龙创意包装股份有限公司;深圳市裕同包装科技股份有限公司;深圳王子新材料股份有限公司;港娱国际控股有限公司;湖北宏裕新型包材股份有限公司;珠海中富实业股份有限公司;神冠控股(集团)有限公司;福建南王环保科技股份有限公司;纷美包装有限公司;美盈森集团股份有限公司;苏州优乐赛共享服务股份有限公司;苏州华源控股股份有限公司;苏州同里印刷科技股份有限公司;苏州江天包装科技股份有限公司;苏州炫之彩新材料股份有限公司;衢州东峰新材料集团股份有限公司;西安环球印务股份有限公司;贵州永吉印务股份有限公司;透云生物科技集团有限公司;郑州华英包装股份有限公司;金富科技股份有限公司;锦胜集团(控股)有限公司;陕西金叶科教集团股份有限公司;鸿兴印刷集团有限公司;黄山永新股份有限公司;龙利得智能科技股份有限公司,FALSE,上游,FOOD,2026-07-28,
FOOD006029,细分环节,纸包装,level_3;upstream,食品饮料,纸箱、纸盒、纸杯等运输与零售包装材料。,Teamway International Group Holdings Limited;上海新通联包装股份有限公司;上海翔港包装科技股份有限公司;上海艾录包装股份有限公司;上海顺灏新材料科技股份有限公司;东莞市厚威包装科技股份有限公司;东莞铭丰包装股份有限公司;中荣印刷集团股份有限公司;伟立控股有限公司;冠均国际控股有限公司;力图控股有限公司;华禧控股有限公司;厦门合兴包装印刷股份有限公司;合丰集团控股有限公司;哈尔滨鹏程新材料科技股份有限公司;嘉兴市豪能科技股份有限公司;嘉耀控股有限公司;国际济丰包装集团;天津艺虹智能包装科技股份有限公司;安徽集友新材料股份有限公司;安捷包装(苏州)股份有限公司;宝艺新材料股份有限公司;山东新巨丰科技包装股份有限公司;广东兴艺数字印刷股份有限公司;广东天元实业集团股份有限公司;广东新宏泽包装股份有限公司;广东金冠科技股份有限公司;广东高义包装科技股份有限公司;广源包装集团股份有限公司;康欣新材料股份有限公司;无锡市兴港包装股份有限公司;昆山佳合纸制品科技股份有限公司;昆山多宾陈列展示股份有限公司;正业国际控股有限公司;武汉博源新材料科技集团股份有限公司;汇源印刷包装科技(天津)股份有限公司;河北方大新材料股份有限公司;浙江众鑫环保科技集团股份有限公司;浙江大胜达包装股份有限公司;浙江特美新材料股份有限公司;浙江金晟环保股份有限公司;深圳劲嘉集团股份有限公司;深圳市柏星龙创意包装股份有限公司;深圳市裕同包装科技股份有限公司;福建南王环保科技股份有限公司;纷美包装有限公司;美盈森集团股份有限公司;苏州同里印刷科技股份有限公司;苏州江天包装科技股份有限公司;苏州炫之彩新材料股份有限公司;衢州东峰新材料集团股份有限公司;西安环球印务股份有限公司;贵州永吉印务股份有限公司;郑州华英包装股份有限公司;锦胜集团(控股)有限公司;陕西金叶科教集团股份有限公司;鸿兴印刷集团有限公司;龙利得智能科技股份有限公司,FALSE,上游,FOOD,2026-07-28,
FOOD006030,细分环节,塑料包装,level_3;upstream,食品饮料,PET瓶、塑料容器和软包装薄膜等轻量化包装材料。,上海紫江企业集团股份有限公司;中宝新材集团有限公司;华信地产财务有限公司;南京沪江复合材料股份有限公司;宁波喜悦智行科技股份有限公司;江苏利特尔绿色包装股份有限公司;浙江比例聚合科技股份有限公司;深圳王子新材料股份有限公司;湖北宏裕新型包材股份有限公司;珠海中富实业股份有限公司;神冠控股(集团)有限公司;金富科技股份有限公司;黄山永新股份有限公司,FALSE,上游,FOOD,2026-07-28,
FOOD006032,细分环节,金属包装,level_3;upstream,食品饮料,两片罐、三片罐和金属盖等饮料酒类常用包装。,上海宝钢包装股份有限公司;中国铝罐控股有限公司;嘉美食品包装(滁州)股份有限公司;奥瑞金科技股份有限公司;山东中锐产业发展股份有限公司;广东英联包装股份有限公司;昇兴集团股份有限公司;港娱国际控股有限公司;苏州优乐赛共享服务股份有限公司;苏州华源控股股份有限公司,FALSE,上游,FOOD,2026-07-28,
FOOD006035,细分环节,复合软包装,level_3;upstream,食品饮料,铝塑复合、纸塑复合和无菌包材等复合包装方案。,山东新巨丰科技包装股份有限公司;广东绿之彩科技股份有限公司;浙江码尚科技股份有限公司;纷美包装有限公司;透云生物科技集团有限公司,FALSE,上游,FOOD,2026-07-28,
FOOD006037,细分环节,标签与包装耗材,level_3;upstream,食品饮料,标签、瓶盖、胶黏剂和外箱耗材等辅助包装材料。,安徽颍美科技股份有限公司;浙江京华激光科技股份有限公司,FALSE,上游,FOOD,2026-07-28,
FOOD007001,细分环节,线下现代渠道,level_2;downstream,食品饮料,商超、便利店、仓储会员店和折扣零售等现代零售渠道。,三江购物俱乐部股份有限公司;上海九百股份有限公司;上海徐家汇商城股份有限公司;上海新世界股份有限公司;上海爱婴室商务服务股份有限公司;上海百联集团股份有限公司;上海益民商业集团股份有限公司;上海豫园旅游商城(集团)股份有限公司;世纪金花商业控股有限公司;中兴-沈阳商业大厦(集团)股份有限公司;中国奇点国峰控股有限公司;中国顺客隆控股有限公司;中百控股集团股份有限公司;人人乐连锁商业集团股份有限公司;优品360控股有限公司;供销大集集团股份有限公司;先施有限公司;兰州丽尚国潮实业集团股份有限公司;利亚零售有限公司;利福中国集团有限公司;利群商业集团股份有限公司;北京京客隆商业集团股份有限公司;北京华联商厦股份有限公司;北京友宝在线科技股份有限公司;北京天时恒生网络股份有限公司;北京纯聚科技股份有限公司;北京翠微大厦股份有限公司;华致酒行连锁管理股份有限公司;南京中央商场(集团)股份有限公司;南京虎凤蝶电子商务科技股份有限公司;南宁百货大楼股份有限公司;双财庄有限公司;合肥百货大楼集团股份有限公司;名创优品集团控股有限公司;国美零售控股有限公司;大商股份有限公司;大连友谊(集团)股份有限公司;天虹数科商业股份有限公司;宁波中百股份有限公司;宁波瑞星时光商业股份有限公司;安徽华运超市股份有限公司;家家悦集团股份有限公司;山东三信商贸股份有限公司;岁宝百货控股(中国)有限公司;常州春水堂健康科技股份有限公司;平凉静宁苹果产业发展股份有限公司;广东便捷神科技股份有限公司;广州市广百股份有限公司;弥明生活百货控股有限公司;恒基兆业发展有限公司;恒月控股有限公司;成都红旗连锁股份有限公司;文峰大世界连锁发展股份有限公司;文明蒙恬(广州)集团股份有限公司;新世界百货中国有限公司;新疆友好(集团)股份有限公司;新疆汇嘉时代百货股份有限公司;无锡商业大厦大东方股份有限公司;星盛商业管理股份有限公司;曌生命控股有限公司;杭州优全生活科技股份有限公司;杭州解百集团股份有限公司;株洲百货股份有限公司;步步高商业连锁股份有限公司;武商集团股份有限公司;永安国际有限公司;永旺(香港)百货有限公司;永辉超市股份有限公司;江苏宏信超市连锁股份有限公司;江西国光商业连锁股份有限公司;沈阳商业城股份有限公司;河南酒便利商业股份有限公司;浙江东日股份有限公司;浙江衢州东方集团股份有限公司;深圳市农产品集团股份有限公司;深圳市理德铭科技股份有限公司;深圳市顺电连锁股份有限公司;深圳百果园实业(集团)股份有限公司;湖北黄商集团股份有限公司;湖南友谊阿波罗商业股份有限公司;湖南鸣鸣很忙商业连锁股份有限公司;王府井集团股份有限公司;甘肃国芳工贸(集团)股份有限公司;百大集团股份有限公司;百盛商业集团有限公司;福建万辰食品集团股份有限公司;福建东百集团股份有限公司;联华超市股份有限公司;重庆重百科技集团股份有限公司;金源发展国际实业有限公司;银川新华百货商业集团股份有限公司;银座集团股份有限公司;长春欧亚集团股份有限公司;长沙通程控股股份有限公司;驰骋控股集团股份有限公司;高鑫零售有限公司;黄淮农产品股份有限公司;龙丰集团控股有限公司,FALSE,下游,FOOD,2026-07-28,
FOOD007002,细分环节,商超卖场,level_3;downstream,食品饮料,大型商超和区域连锁卖场。,三江购物俱乐部股份有限公司;上海九百股份有限公司;上海徐家汇商城股份有限公司;上海新世界股份有限公司;上海爱婴室商务服务股份有限公司;上海百联集团股份有限公司;上海益民商业集团股份有限公司;上海豫园旅游商城(集团)股份有限公司;世纪金花商业控股有限公司;中兴-沈阳商业大厦(集团)股份有限公司;中百控股集团股份有限公司;人人乐连锁商业集团股份有限公司;供销大集集团股份有限公司;先施有限公司;兰州丽尚国潮实业集团股份有限公司;利福中国集团有限公司;利群商业集团股份有限公司;北京京客隆商业集团股份有限公司;北京翠微大厦股份有限公司;南京中央商场(集团)股份有限公司;南宁百货大楼股份有限公司;双财庄有限公司;合肥百货大楼集团股份有限公司;大商股份有限公司;大连友谊(集团)股份有限公司;天虹数科商业股份有限公司;宁波中百股份有限公司;宁波瑞星时光商业股份有限公司;家家悦集团股份有限公司;山东三信商贸股份有限公司;常州春水堂健康科技股份有限公司;平凉静宁苹果产业发展股份有限公司;广州市广百股份有限公司;弥明生活百货控股有限公司;恒基兆业发展有限公司;恒月控股有限公司;文峰大世界连锁发展股份有限公司;文明蒙恬(广州)集团股份有限公司;新世界百货中国有限公司;新疆友好(集团)股份有限公司;新疆汇嘉时代百货股份有限公司;无锡商业大厦大东方股份有限公司;星盛商业管理股份有限公司;杭州解百集团股份有限公司;株洲百货股份有限公司;步步高商业连锁股份有限公司;武商集团股份有限公司;永安国际有限公司;永旺(香港)百货有限公司;永辉超市股份有限公司;江苏宏信超市连锁股份有限公司;江西国光商业连锁股份有限公司;沈阳商业城股份有限公司;浙江衢州东方集团股份有限公司;深圳市顺电连锁股份有限公司;湖北黄商集团股份有限公司;湖南友谊阿波罗商业股份有限公司;王府井集团股份有限公司;甘肃国芳工贸(集团)股份有限公司;百大集团股份有限公司;百盛商业集团有限公司;福建东百集团股份有限公司;联华超市股份有限公司;重庆重百科技集团股份有限公司;金源发展国际实业有限公司;银川新华百货商业集团股份有限公司;银座集团股份有限公司;长春欧亚集团股份有限公司;长沙通程控股股份有限公司;高鑫零售有限公司;黄淮农产品股份有限公司;龙丰集团控股有限公司,FALSE,下游,FOOD,2026-07-28,
FOOD007003,细分环节,便利店与折扣店,level_3;downstream,食品饮料,便利店、折扣零食店和社区零售终端。,优品360控股有限公司;利亚零售有限公司;北京友宝在线科技股份有限公司;北京纯聚科技股份有限公司;名创优品集团控股有限公司;广东便捷神科技股份有限公司;成都红旗连锁股份有限公司;杭州优全生活科技股份有限公司;永辉超市股份有限公司;河南酒便利商业股份有限公司;深圳市理德铭科技股份有限公司;深圳百果园实业(集团)股份有限公司;湖南鸣鸣很忙商业连锁股份有限公司;福建万辰食品集团股份有限公司,FALSE,下游,FOOD,2026-07-28,
FOOD007004,细分环节,传统流通渠道,level_2;downstream,食品饮料,经销商、批发市场、社区小店和下沉市场终端。,信基沙溪集团股份有限公司;浙江中国小商品城集团股份有限公司,FALSE,下游,FOOD,2026-07-28,
FOOD007005,细分环节,餐饮与团餐渠道,level_2;downstream,食品饮料,餐饮门店、连锁餐饮、团餐和酒店渠道。,1957 & Co.(Hospitality) Limited;K2 F&B Holdings Limited;Top Standard Corporation;一木集团(控股)有限公司;上海小南国控股有限公司;中国全聚德(集团)股份有限公司;今米房集团控股有限公司;佳景集团有限公司;倩碧控股有限公司;叙福楼集团有限公司;古茗控股有限公司;同庆楼餐饮股份有限公司;味千(中国)控股有限公司;呷哺呷哺餐饮管理(中国)控股有限公司;唐宫(中国)控股有限公司;四川百茶百道实业股份有限公司;大快活集团有限公司;太兴集团控股有限公司;太平洋酒吧集团控股有限公司;富临集团控股有限公司;小菜园国际控股有限公司;尝·高美集团有限公司;新疆百富餐饮股份有限公司;易站绿色科技集团有限公司;望湘园(上海)餐饮管理股份有限公司;武汉红鼎豆捞餐饮股份有限公司;汉诺佳池控股有限公司;沪上阿姨(上海)实业股份有限公司;洛阳餐旅实业股份有限公司;海伦司国际控股有限公司;海底捞国际控股有限公司;湖北华鼎团膳管理股份有限公司;炙龙控股有限公司;特海国际控股有限公司;猫屎咖啡控股有限公司;环球友饮智能控股有限公司;环科国际集团有限公司;生活概念控股有限公司;百福控股有限公司;稻香控股有限公司;绿茶集团有限公司;翠华控股有限公司;老娘舅餐饮股份有限公司;聚利宝控股有限公司;苏州蓝鼎餐饮管理股份有限公司;荣晖控股有限公司;蜜雪冰城股份有限公司;西安饮食股份有限公司;谊和股份有限公司;达势股份有限公司;龙辉国际控股有限公司,FALSE,下游,FOOD,2026-07-28,
FOOD007006,细分环节,线上电商渠道,level_2;downstream,食品饮料,综合电商、内容电商、社区团购和即时零售。,EDA集团控股有限公司;ISP Global Limited;上海凯淳实业股份有限公司;上海商会网网络集团股份有限公司;中彩网通控股有限公司;中细软科技控股有限公司;京东集团股份有限公司;优趣汇控股有限公司;优雅电子商务(北京)股份有限公司;北京六智信息技术股份有限公司;北京国联视讯信息技术股份有限公司;北京随视传媒科技股份有限公司;华凯易佰科技股份有限公司;南极电商股份有限公司;厦门吉宏科技股份有限公司;友和集团控股有限公司;名科国际控股有限公司;子不语集团有限公司;宝尊电商有限公司;广州凡科互联网科技股份有限公司;广州若羽臣科技股份有限公司;广西新迅达科技集团股份公司;慧聪集团有限公司;普乐师集团控股有限公司;有赞科技有限公司;杭州壹网壹创科技股份有限公司;海南火焰柒号文化传媒股份有限公司;深圳千岸科技股份有限公司;深圳市三态电子商务股份有限公司;狮头科技发展股份有限公司;福禄控股有限公司;秀商时代控股有限公司;聚水潭集团股份有限公司;苏宁易购集团股份有限公司;跨境通宝电子商务股份有限公司;通化葡萄酒股份有限公司;银盛数惠数字有限公司;阿里巴巴集团控股有限公司;青木科技股份有限公司;香港科技探索有限公司;齐屹科技(开曼)有限公司,FALSE,下游,FOOD,2026-07-28,
FOOD007009,细分环节,终端消费场景,level_2;downstream,食品饮料,家庭、餐饮、休闲、健康、礼赠等消费场景。,中科云网科技集团股份有限公司;九毛九国际控股有限公司;佳宁娜集团控股有限公司;大家乐集团有限公司;奈雪的茶控股有限公司;广州遇见小面餐饮股份有限公司;新享时代集团有限公司;杭州新丰小吃股份有限公司;环球友饮智能控股有限公司;环科国际集团有限公司;西安小六饮食(集团)股份有限公司;赏之味控股有限公司,FALSE,下游,FOOD,2026-07-28,
FOOD007013,细分环节,冷链物流与仓储,level_2;downstream,食品饮料,面向生鲜、乳品、速冻、预制菜等温控产品的仓储、运输和流通加工。,Legion Consortium Limited;VSING Limited;万励达国际有限公司;上海全胜物流股份有限公司;中储发展股份有限公司;乐氏国际控股集团有限公司;亚洲实业集团(控股)有限公司;亚洲速运物流控股有限公司;传化智联股份有限公司;保正(上海)供应链管理股份有限公司;南京音飞储存设备(集团)股份有限公司;圆通国际快递供应链科技有限公司;大连微冷食品股份有限公司;宁夏新华物流股份有限公司;宏图智能数字科技股份有限公司;密尔克卫智能供应链服务集团股份有限公司;广东原尚物流股份有限公司;广东安捷供应链管理股份有限公司;广东宏川智慧物流股份有限公司;广东德力智慧物流股份有限公司;广东海力储存设备股份有限公司;广州捷世通供应链股份有限公司;张家港保税科技(集团)股份有限公司;杭州华商物流股份有限公司;欧浦智网股份有限公司;江苏同益国际物流股份有限公司;江苏快而捷物流股份有限公司;江苏锦达保税仓储股份有限公司;沈阳递家物流股份有限公司;河北华鑫洺源石油储运股份有限公司;海航冷链控股股份有限公司;深圳市中海通物流股份有限公司;深圳市凯东源现代物流股份有限公司;珠海恒基达鑫国际化工仓储股份有限公司;福建省熠烁科技股份有限公司;红星冷链(湖南)股份有限公司;裕程物流集团有限公司;阿尔法企业控股有限公司;陕西德元数字科技股份有限公司;青岛城业城供应链股份有限公司;青岛天行健物流股份有限公司;骏高控股有限公司;龙洲集团股份有限公司,FALSE,下游,FOOD,2026-07-28,
FOOD007015,细分环节,冷链仓储,level_3;downstream,食品饮料,冷库、低温仓和温控仓储服务。,Legion Consortium Limited;VSING Limited;上海全胜物流股份有限公司;中储发展股份有限公司;乐氏国际控股集团有限公司;亚洲实业集团(控股)有限公司;亚洲速运物流控股有限公司;南京音飞储存设备(集团)股份有限公司;大连微冷食品股份有限公司;广东安捷供应链管理股份有限公司;广东宏川智慧物流股份有限公司;广东海力储存设备股份有限公司;张家港保税科技(集团)股份有限公司;杭州华商物流股份有限公司;欧浦智网股份有限公司;江苏锦达保税仓储股份有限公司;河北华鑫洺源石油储运股份有限公司;海航冷链控股股份有限公司;深圳市中海通物流股份有限公司;深圳市凯东源现代物流股份有限公司;珠海恒基达鑫国际化工仓储股份有限公司;福建省熠烁科技股份有限公司;阿尔法企业控股有限公司;青岛城业城供应链股份有限公司;骏高控股有限公司,FALSE,下游,FOOD,2026-07-28,
FOOD007018,细分环节,冷链运输,level_3;downstream,食品饮料,干线冷链、城配冷链和末端温控配送。,圆通国际快递供应链科技有限公司;宁夏新华物流股份有限公司;宏图智能数字科技股份有限公司;广东原尚物流股份有限公司;广州捷世通供应链股份有限公司;江苏同益国际物流股份有限公司;江苏快而捷物流股份有限公司;沈阳递家物流股份有限公司;深圳市凯东源现代物流股份有限公司;裕程物流集团有限公司;陕西德元数字科技股份有限公司;青岛天行健物流股份有限公司;龙洲集团股份有限公司,FALSE,下游,FOOD,2026-07-28,
