起点节点id,起点节点名称,终点节点id,终点节点名称,关系类型,关系权重,关系描述,置信度,强度,开始时间,结束时间
FOOD000001,酒类制造,FOOD000000,食品饮料行业,SUBORDINATE_TO,1.0,食品饮料行业包含酒类制造这一核心中游品类板块。,0.95,,2026-07-28,
FOOD000002,乳品与非酒精饮料制造,FOOD000000,食品饮料行业,SUBORDINATE_TO,1.0,食品饮料行业包含乳品与非酒精饮料制造这一核心中游品类板块。,0.95,,2026-07-28,
FOOD000003,调味发酵品制造,FOOD000000,食品饮料行业,SUBORDINATE_TO,1.0,食品饮料行业包含调味发酵品制造这一核心中游品类板块。,0.95,,2026-07-28,
FOOD000004,休闲食品与烘焙制造,FOOD000000,食品饮料行业,SUBORDINATE_TO,1.0,食品饮料行业包含休闲食品与烘焙制造这一核心中游品类板块。,0.95,,2026-07-28,
FOOD000005,肉制品与预制便捷食品制造,FOOD000000,食品饮料行业,SUBORDINATE_TO,1.0,食品饮料行业包含肉制品与预制便捷食品制造这一核心中游品类板块。,0.95,,2026-07-28,
FOOD001001,白酒,FOOD000001,酒类制造,SUBORDINATE_TO,1.0,白酒隶属于上级分类。,0.86,,2026-07-28,
FOOD001002,啤酒,FOOD000001,酒类制造,SUBORDINATE_TO,1.0,啤酒隶属于上级分类。,0.86,,2026-07-28,
FOOD001007,葡萄酒,FOOD000001,酒类制造,SUBORDINATE_TO,1.0,葡萄酒隶属于上级分类。,0.86,,2026-07-28,
FOOD001008,黄酒,FOOD000001,酒类制造,SUBORDINATE_TO,1.0,黄酒隶属于上级分类。,0.86,,2026-07-28,
FOOD001009,预调酒,FOOD000001,酒类制造,SUBORDINATE_TO,1.0,预调酒隶属于上级分类。,0.86,,2026-07-28,
FOOD002001,包装饮用水,FOOD000002,乳品与非酒精饮料制造,SUBORDINATE_TO,1.0,包装饮用水隶属于上级分类。,0.86,,2026-07-28,
FOOD002002,碳酸饮料,FOOD000002,乳品与非酒精饮料制造,SUBORDINATE_TO,1.0,碳酸饮料隶属于上级分类。,0.86,,2026-07-28,
FOOD002003,茶饮料,FOOD000002,乳品与非酒精饮料制造,SUBORDINATE_TO,1.0,茶饮料隶属于上级分类。,0.86,,2026-07-28,
FOOD002005,果汁与果蔬饮料,FOOD000002,乳品与非酒精饮料制造,SUBORDINATE_TO,1.0,果汁与果蔬饮料隶属于上级分类。,0.86,,2026-07-28,
FOOD002007,功能饮料,FOOD000002,乳品与非酒精饮料制造,SUBORDINATE_TO,1.0,功能饮料隶属于上级分类。,0.86,,2026-07-28,
FOOD002009,植物蛋白饮料,FOOD000002,乳品与非酒精饮料制造,SUBORDINATE_TO,1.0,植物蛋白饮料隶属于上级分类。,0.86,,2026-07-28,
FOOD002011,含乳饮料,FOOD000002,乳品与非酒精饮料制造,SUBORDINATE_TO,1.0,含乳饮料隶属于上级分类。,0.86,,2026-07-28,
FOOD002012,乳制品制造,FOOD000002,乳品与非酒精饮料制造,SUBORDINATE_TO,1.0,乳制品制造隶属于上级分类。,0.86,,2026-07-28,
FOOD002013,常温液态奶,FOOD002012,乳制品制造,SUBORDINATE_TO,1.0,常温液态奶隶属于上级分类。,0.86,,2026-07-28,
FOOD002015,低温乳制品,FOOD002012,乳制品制造,SUBORDINATE_TO,1.0,低温乳制品隶属于上级分类。,0.86,,2026-07-28,
FOOD002016,奶粉与干乳制品,FOOD002012,乳制品制造,SUBORDINATE_TO,1.0,奶粉与干乳制品隶属于上级分类。,0.86,,2026-07-28,
FOOD003001,发酵调味品,FOOD000003,调味发酵品制造,SUBORDINATE_TO,1.0,发酵调味品隶属于上级分类。,0.86,,2026-07-28,
FOOD003002,复合调味料,FOOD000003,调味发酵品制造,SUBORDINATE_TO,1.0,复合调味料隶属于上级分类。,0.86,,2026-07-28,
FOOD003011,基础调味品,FOOD000003,调味发酵品制造,SUBORDINATE_TO,1.0,基础调味品隶属于上级分类。,0.86,,2026-07-28,
FOOD003003,酱油,FOOD003001,发酵调味品,SUBORDINATE_TO,1.0,酱油隶属于上级分类。,0.86,,2026-07-28,
FOOD003004,食醋,FOOD003001,发酵调味品,SUBORDINATE_TO,1.0,食醋隶属于上级分类。,0.86,,2026-07-28,
FOOD003005,豆瓣酱与腐乳,FOOD003001,发酵调味品,SUBORDINATE_TO,1.0,豆瓣酱与腐乳隶属于上级分类。,0.86,,2026-07-28,
FOOD003007,中式复合调味料,FOOD003002,复合调味料,SUBORDINATE_TO,1.0,中式复合调味料隶属于上级分类。,0.86,,2026-07-28,
FOOD003010,餐饮定制调味料,FOOD003002,复合调味料,SUBORDINATE_TO,1.0,餐饮定制调味料隶属于上级分类。,0.86,,2026-07-28,
FOOD004001,休闲食品制造,FOOD000004,休闲食品与烘焙制造,SUBORDINATE_TO,1.0,休闲食品制造隶属于上级分类。,0.86,,2026-07-28,
FOOD004004,烘焙食品制造,FOOD000004,休闲食品与烘焙制造,SUBORDINATE_TO,1.0,烘焙食品制造隶属于上级分类。,0.86,,2026-07-28,
FOOD004002,坚果炒货,FOOD004001,休闲食品制造,SUBORDINATE_TO,1.0,坚果炒货隶属于上级分类。,0.86,,2026-07-28,
FOOD004003,卤味与肉类零食,FOOD004001,休闲食品制造,SUBORDINATE_TO,1.0,卤味与肉类零食隶属于上级分类。,0.86,,2026-07-28,
FOOD004007,糖果巧克力,FOOD004001,休闲食品制造,SUBORDINATE_TO,1.0,糖果巧克力隶属于上级分类。,0.86,,2026-07-28,
FOOD004009,蜜饯果冻,FOOD004001,休闲食品制造,SUBORDINATE_TO,1.0,蜜饯果冻隶属于上级分类。,0.86,,2026-07-28,
FOOD004010,饼干,FOOD004001,休闲食品制造,SUBORDINATE_TO,1.0,饼干隶属于上级分类。,0.86,,2026-07-28,
FOOD004005,短保烘焙,FOOD004004,烘焙食品制造,SUBORDINATE_TO,1.0,短保烘焙隶属于上级分类。,0.86,,2026-07-28,
FOOD004006,中长保烘焙,FOOD004004,烘焙食品制造,SUBORDINATE_TO,1.0,中长保烘焙隶属于上级分类。,0.86,,2026-07-28,
FOOD005001,速冻食品制造,FOOD000005,肉制品与预制便捷食品制造,SUBORDINATE_TO,1.0,速冻食品制造隶属于上级分类。,0.86,,2026-07-28,
FOOD005005,肉制品加工,FOOD000005,肉制品与预制便捷食品制造,SUBORDINATE_TO,1.0,肉制品加工隶属于上级分类。,0.86,,2026-07-28,
FOOD005007,方便食品制造,FOOD000005,肉制品与预制便捷食品制造,SUBORDINATE_TO,1.0,方便食品制造隶属于上级分类。,0.86,,2026-07-28,
FOOD005008,预制菜与餐食加工,FOOD000005,肉制品与预制便捷食品制造,SUBORDINATE_TO,1.0,预制菜与餐食加工隶属于上级分类。,0.86,,2026-07-28,
FOOD005011,保健食品制造,FOOD000005,肉制品与预制便捷食品制造,SUBORDINATE_TO,1.0,保健食品制造隶属于上级分类。,0.86,,2026-07-28,
FOOD005002,速冻米面食品,FOOD005001,速冻食品制造,SUBORDINATE_TO,1.0,速冻米面食品隶属于上级分类。,0.86,,2026-07-28,
FOOD005004,速冻火锅料,FOOD005001,速冻食品制造,SUBORDINATE_TO,1.0,速冻火锅料隶属于上级分类。,0.86,,2026-07-28,
FOOD005006,熟肉制品加工,FOOD005005,肉制品加工,SUBORDINATE_TO,1.0,熟肉制品加工隶属于上级分类。,0.86,,2026-07-28,
FOOD005012,高温肉制品,FOOD005005,肉制品加工,SUBORDINATE_TO,1.0,高温肉制品隶属于上级分类。,0.86,,2026-07-28,
FOOD005009,净菜产品,FOOD005008,预制菜与餐食加工,SUBORDINATE_TO,1.0,净菜产品隶属于上级分类。,0.86,,2026-07-28,
FOOD005010,料理包与半成品菜,FOOD005008,预制菜与餐食加工,SUBORDINATE_TO,1.0,料理包与半成品菜隶属于上级分类。,0.86,,2026-07-28,
FOOD006001,农产品原料,FOOD000006,食品原料、辅料与包材供应链,SUBORDINATE_TO,1.0,农产品原料隶属于上级分类。,0.86,,2026-07-28,
FOOD006017,食品添加剂与配料,FOOD000006,食品原料、辅料与包材供应链,SUBORDINATE_TO,1.0,食品添加剂与配料隶属于上级分类。,0.86,,2026-07-28,
FOOD006028,包装材料,FOOD000006,食品原料、辅料与包材供应链,SUBORDINATE_TO,1.0,包装材料隶属于上级分类。,0.86,,2026-07-28,
FOOD006002,粮食作物,FOOD006001,农产品原料,SUBORDINATE_TO,1.0,粮食作物隶属于上级分类。,0.86,,2026-07-28,
FOOD006005,油料作物,FOOD006001,农产品原料,SUBORDINATE_TO,1.0,油料作物隶属于上级分类。,0.86,,2026-07-28,
FOOD006007,糖料作物,FOOD006001,农产品原料,SUBORDINATE_TO,1.0,糖料作物隶属于上级分类。,0.86,,2026-07-28,
FOOD006009,畜禽产品,FOOD006001,农产品原料,SUBORDINATE_TO,1.0,畜禽产品隶属于上级分类。,0.86,,2026-07-28,
FOOD006010,水产品,FOOD006001,农产品原料,SUBORDINATE_TO,1.0,水产品隶属于上级分类。,0.86,,2026-07-28,
FOOD006011,乳品原料,FOOD006001,农产品原料,SUBORDINATE_TO,1.0,乳品原料隶属于上级分类。,0.86,,2026-07-28,
FOOD006013,果蔬原料,FOOD006001,农产品原料,SUBORDINATE_TO,1.0,果蔬原料隶属于上级分类。,0.86,,2026-07-28,
FOOD006015,茶叶与植物原料,FOOD006001,农产品原料,SUBORDINATE_TO,1.0,茶叶与植物原料隶属于上级分类。,0.86,,2026-07-28,
FOOD006018,甜味剂,FOOD006017,食品添加剂与配料,SUBORDINATE_TO,1.0,甜味剂隶属于上级分类。,0.86,,2026-07-28,
FOOD006020,香精香料,FOOD006017,食品添加剂与配料,SUBORDINATE_TO,1.0,香精香料隶属于上级分类。,0.86,,2026-07-28,
FOOD006023,乳化稳定剂与胶体,FOOD006017,食品添加剂与配料,SUBORDINATE_TO,1.0,乳化稳定剂与胶体隶属于上级分类。,0.86,,2026-07-28,
FOOD006025,营养强化剂,FOOD006017,食品添加剂与配料,SUBORDINATE_TO,1.0,营养强化剂隶属于上级分类。,0.86,,2026-07-28,
FOOD006026,酶制剂与发酵配料,FOOD006017,食品添加剂与配料,SUBORDINATE_TO,1.0,酶制剂与发酵配料隶属于上级分类。,0.86,,2026-07-28,
FOOD006029,纸包装,FOOD006028,包装材料,SUBORDINATE_TO,1.0,纸包装隶属于上级分类。,0.86,,2026-07-28,
FOOD006030,塑料包装,FOOD006028,包装材料,SUBORDINATE_TO,1.0,塑料包装隶属于上级分类。,0.86,,2026-07-28,
FOOD006032,金属包装,FOOD006028,包装材料,SUBORDINATE_TO,1.0,金属包装隶属于上级分类。,0.86,,2026-07-28,
FOOD006035,复合软包装,FOOD006028,包装材料,SUBORDINATE_TO,1.0,复合软包装隶属于上级分类。,0.86,,2026-07-28,
FOOD006037,标签与包装耗材,FOOD006028,包装材料,SUBORDINATE_TO,1.0,标签与包装耗材隶属于上级分类。,0.86,,2026-07-28,
FOOD007001,线下现代渠道,FOOD000007,食品饮料流通与消费渠道,SUBORDINATE_TO,1.0,线下现代渠道隶属于上级分类。,0.86,,2026-07-28,
FOOD007004,传统流通渠道,FOOD000007,食品饮料流通与消费渠道,SUBORDINATE_TO,1.0,传统流通渠道隶属于上级分类。,0.86,,2026-07-28,
FOOD007005,餐饮与团餐渠道,FOOD000007,食品饮料流通与消费渠道,SUBORDINATE_TO,1.0,餐饮与团餐渠道隶属于上级分类。,0.86,,2026-07-28,
FOOD007006,线上电商渠道,FOOD000007,食品饮料流通与消费渠道,SUBORDINATE_TO,1.0,线上电商渠道隶属于上级分类。,0.86,,2026-07-28,
FOOD007009,终端消费场景,FOOD000007,食品饮料流通与消费渠道,SUBORDINATE_TO,1.0,终端消费场景隶属于上级分类。,0.86,,2026-07-28,
FOOD007013,冷链物流与仓储,FOOD000007,食品饮料流通与消费渠道,SUBORDINATE_TO,1.0,冷链物流与仓储隶属于上级分类。,0.86,,2026-07-28,
FOOD007002,商超卖场,FOOD007001,线下现代渠道,SUBORDINATE_TO,1.0,商超卖场隶属于上级分类。,0.86,,2026-07-28,
FOOD007003,便利店与折扣店,FOOD007001,线下现代渠道,SUBORDINATE_TO,1.0,便利店与折扣店隶属于上级分类。,0.86,,2026-07-28,
FOOD007015,冷链仓储,FOOD007013,冷链物流与仓储,SUBORDINATE_TO,1.0,冷链仓储隶属于上级分类。,0.86,,2026-07-28,
FOOD007018,冷链运输,FOOD007013,冷链物流与仓储,SUBORDINATE_TO,1.0,冷链运输隶属于上级分类。,0.86,,2026-07-28,
FOOD000007,食品饮料流通与消费渠道,FOOD000000,食品饮料行业,DOWNSTREAM_OF,1.0,食品饮料流通与消费渠道是食品饮料行业产品实现终端消费与价值变现的下游关键通路。,0.95,,2026-07-28,
FOOD000000,食品饮料行业,FOOD000006,食品原料、辅料与包材供应链,DOWNSTREAM_OF,1.0,食品原料、辅料与包材供应链是食品饮料行业的关键上游成本与物料供给来源。,0.95,,2026-07-28,
FOOD007004,传统流通渠道,FOOD001001,白酒,DOWNSTREAM_OF,1.0,白酒是传统流通渠道的直接上游投入或供给环节。,0.8,,2026-07-28,
FOOD007005,餐饮与团餐渠道,FOOD001001,白酒,DOWNSTREAM_OF,1.0,白酒是餐饮与团餐渠道的直接上游投入或供给环节。,0.8,,2026-07-28,
FOOD007005,餐饮与团餐渠道,FOOD001002,啤酒,DOWNSTREAM_OF,1.0,啤酒是餐饮与团餐渠道的直接上游投入或供给环节。,0.8,,2026-07-28,
FOOD007009,终端消费场景,FOOD001002,啤酒,DOWNSTREAM_OF,1.0,啤酒是终端消费场景的直接上游投入或供给环节。,0.8,,2026-07-28,
FOOD007001,线下现代渠道,FOOD001007,葡萄酒,DOWNSTREAM_OF,1.0,葡萄酒是线下现代渠道的直接上游投入或供给环节。,0.8,,2026-07-28,
FOOD007004,传统流通渠道,FOOD001007,葡萄酒,DOWNSTREAM_OF,1.0,葡萄酒是传统流通渠道的直接上游投入或供给环节。,0.8,,2026-07-28,
FOOD007005,餐饮与团餐渠道,FOOD001007,葡萄酒,DOWNSTREAM_OF,1.0,葡萄酒是餐饮与团餐渠道的直接上游投入或供给环节。,0.8,,2026-07-28,
FOOD007006,线上电商渠道,FOOD001007,葡萄酒,DOWNSTREAM_OF,1.0,葡萄酒是线上电商渠道的直接上游投入或供给环节。,0.8,,2026-07-28,
FOOD007013,冷链物流与仓储,FOOD001007,葡萄酒,DOWNSTREAM_OF,1.0,葡萄酒是冷链物流与仓储的直接上游投入或供给环节。,0.8,,2026-07-28,
FOOD007004,传统流通渠道,FOOD001008,黄酒,DOWNSTREAM_OF,1.0,黄酒是传统流通渠道的直接上游投入或供给环节。,0.8,,2026-07-28,
FOOD007005,餐饮与团餐渠道,FOOD001008,黄酒,DOWNSTREAM_OF,1.0,黄酒是餐饮与团餐渠道的直接上游投入或供给环节。,0.8,,2026-07-28,
FOOD007001,线下现代渠道,FOOD001009,预调酒,DOWNSTREAM_OF,1.0,预调酒是线下现代渠道的直接上游投入或供给环节。,0.8,,2026-07-28,
FOOD007004,传统流通渠道,FOOD001009,预调酒,DOWNSTREAM_OF,1.0,预调酒是传统流通渠道的直接上游投入或供给环节。,0.8,,2026-07-28,
FOOD007005,餐饮与团餐渠道,FOOD001009,预调酒,DOWNSTREAM_OF,1.0,预调酒是餐饮与团餐渠道的直接上游投入或供给环节。,0.8,,2026-07-28,
FOOD007006,线上电商渠道,FOOD001009,预调酒,DOWNSTREAM_OF,1.0,预调酒是线上电商渠道的直接上游投入或供给环节。,0.8,,2026-07-28,
FOOD007004,传统流通渠道,FOOD002001,包装饮用水,DOWNSTREAM_OF,1.0,包装饮用水是传统流通渠道的直接上游投入或供给环节。,0.8,,2026-07-28,
FOOD007005,餐饮与团餐渠道,FOOD002001,包装饮用水,DOWNSTREAM_OF,1.0,包装饮用水是餐饮与团餐渠道的直接上游投入或供给环节。,0.8,,2026-07-28,
FOOD007001,线下现代渠道,FOOD002002,碳酸饮料,DOWNSTREAM_OF,1.0,碳酸饮料是线下现代渠道的直接上游投入或供给环节。,0.8,,2026-07-28,
FOOD007004,传统流通渠道,FOOD002002,碳酸饮料,DOWNSTREAM_OF,1.0,碳酸饮料是传统流通渠道的直接上游投入或供给环节。,0.8,,2026-07-28,
FOOD007005,餐饮与团餐渠道,FOOD002002,碳酸饮料,DOWNSTREAM_OF,1.0,碳酸饮料是餐饮与团餐渠道的直接上游投入或供给环节。,0.8,,2026-07-28,
FOOD007004,传统流通渠道,FOOD002005,果汁与果蔬饮料,DOWNSTREAM_OF,1.0,果汁与果蔬饮料是传统流通渠道的直接上游投入或供给环节。,0.8,,2026-07-28,
FOOD007005,餐饮与团餐渠道,FOOD002005,果汁与果蔬饮料,DOWNSTREAM_OF,1.0,果汁与果蔬饮料是餐饮与团餐渠道的直接上游投入或供给环节。,0.8,,2026-07-28,
FOOD007004,传统流通渠道,FOOD002007,功能饮料,DOWNSTREAM_OF,1.0,功能饮料是传统流通渠道的直接上游投入或供给环节。,0.8,,2026-07-28,
FOOD007009,终端消费场景,FOOD002007,功能饮料,DOWNSTREAM_OF,1.0,功能饮料是终端消费场景的直接上游投入或供给环节。,0.8,,2026-07-28,
FOOD007005,餐饮与团餐渠道,FOOD002009,植物蛋白饮料,DOWNSTREAM_OF,1.0,植物蛋白饮料是餐饮与团餐渠道的直接上游投入或供给环节。,0.8,,2026-07-28,
FOOD007004,传统流通渠道,FOOD002011,含乳饮料,DOWNSTREAM_OF,1.0,含乳饮料是传统流通渠道的直接上游投入或供给环节。,0.8,,2026-07-28,
FOOD007005,餐饮与团餐渠道,FOOD002011,含乳饮料,DOWNSTREAM_OF,1.0,含乳饮料是餐饮与团餐渠道的直接上游投入或供给环节。,0.8,,2026-07-28,
FOOD007009,终端消费场景,FOOD002011,含乳饮料,DOWNSTREAM_OF,1.0,含乳饮料是终端消费场景的直接上游投入或供给环节。,0.8,,2026-07-28,
FOOD007004,传统流通渠道,FOOD002012,乳制品制造,DOWNSTREAM_OF,1.0,乳制品制造是传统流通渠道的直接上游投入或供给环节。,0.8,,2026-07-28,
FOOD004001,休闲食品制造,FOOD003001,发酵调味品,DOWNSTREAM_OF,1.0,发酵调味品是休闲食品制造的直接上游投入或供给环节。,0.8,,2026-07-28,
FOOD007004,传统流通渠道,FOOD003001,发酵调味品,DOWNSTREAM_OF,1.0,发酵调味品是传统流通渠道的直接上游投入或供给环节。,0.8,,2026-07-28,
FOOD007005,餐饮与团餐渠道,FOOD003001,发酵调味品,DOWNSTREAM_OF,1.0,发酵调味品是餐饮与团餐渠道的直接上游投入或供给环节。,0.8,,2026-07-28,
FOOD005008,预制菜与餐食加工,FOOD003002,复合调味料,DOWNSTREAM_OF,1.0,复合调味料是预制菜与餐食加工的直接上游投入或供给环节。,0.8,,2026-07-28,
FOOD007001,线下现代渠道,FOOD003002,复合调味料,DOWNSTREAM_OF,1.0,复合调味料是线下现代渠道的直接上游投入或供给环节。,0.8,,2026-07-28,
FOOD007005,餐饮与团餐渠道,FOOD003002,复合调味料,DOWNSTREAM_OF,1.0,复合调味料是餐饮与团餐渠道的直接上游投入或供给环节。,0.8,,2026-07-28,
FOOD005008,预制菜与餐食加工,FOOD003011,基础调味品,DOWNSTREAM_OF,1.0,基础调味品是预制菜与餐食加工的直接上游投入或供给环节。,0.8,,2026-07-28,
FOOD007004,传统流通渠道,FOOD003011,基础调味品,DOWNSTREAM_OF,1.0,基础调味品是传统流通渠道的直接上游投入或供给环节。,0.8,,2026-07-28,
FOOD007005,餐饮与团餐渠道,FOOD003011,基础调味品,DOWNSTREAM_OF,1.0,基础调味品是餐饮与团餐渠道的直接上游投入或供给环节。,0.8,,2026-07-28,
FOOD007006,线上电商渠道,FOOD003011,基础调味品,DOWNSTREAM_OF,1.0,基础调味品是线上电商渠道的直接上游投入或供给环节。,0.8,,2026-07-28,
FOOD007009,终端消费场景,FOOD003011,基础调味品,DOWNSTREAM_OF,1.0,基础调味品是终端消费场景的直接上游投入或供给环节。,0.8,,2026-07-28,
FOOD007005,餐饮与团餐渠道,FOOD004001,休闲食品制造,DOWNSTREAM_OF,1.0,休闲食品制造是餐饮与团餐渠道的直接上游投入或供给环节。,0.8,,2026-07-28,
FOOD007009,终端消费场景,FOOD004001,休闲食品制造,DOWNSTREAM_OF,1.0,休闲食品制造是终端消费场景的直接上游投入或供给环节。,0.8,,2026-07-28,
FOOD007001,线下现代渠道,FOOD004004,烘焙食品制造,DOWNSTREAM_OF,1.0,烘焙食品制造是线下现代渠道的直接上游投入或供给环节。,0.8,,2026-07-28,
FOOD007004,传统流通渠道,FOOD004004,烘焙食品制造,DOWNSTREAM_OF,1.0,烘焙食品制造是传统流通渠道的直接上游投入或供给环节。,0.8,,2026-07-28,
FOOD007005,餐饮与团餐渠道,FOOD004004,烘焙食品制造,DOWNSTREAM_OF,1.0,烘焙食品制造是餐饮与团餐渠道的直接上游投入或供给环节。,0.8,,2026-07-28,
FOOD007006,线上电商渠道,FOOD004004,烘焙食品制造,DOWNSTREAM_OF,1.0,烘焙食品制造是线上电商渠道的直接上游投入或供给环节。,0.8,,2026-07-28,
FOOD007004,传统流通渠道,FOOD005001,速冻食品制造,DOWNSTREAM_OF,1.0,速冻食品制造是传统流通渠道的直接上游投入或供给环节。,0.8,,2026-07-28,
FOOD007005,餐饮与团餐渠道,FOOD005001,速冻食品制造,DOWNSTREAM_OF,1.0,速冻食品制造是餐饮与团餐渠道的直接上游投入或供给环节。,0.8,,2026-07-28,
FOOD007004,传统流通渠道,FOOD005005,肉制品加工,DOWNSTREAM_OF,1.0,肉制品加工是传统流通渠道的直接上游投入或供给环节。,0.8,,2026-07-28,
FOOD007005,餐饮与团餐渠道,FOOD005005,肉制品加工,DOWNSTREAM_OF,1.0,肉制品加工是餐饮与团餐渠道的直接上游投入或供给环节。,0.8,,2026-07-28,
FOOD007013,冷链物流与仓储,FOOD005005,肉制品加工,DOWNSTREAM_OF,1.0,肉制品加工是冷链物流与仓储的直接上游投入或供给环节。,0.8,,2026-07-28,
FOOD007004,传统流通渠道,FOOD005007,方便食品制造,DOWNSTREAM_OF,1.0,方便食品制造是传统流通渠道的直接上游投入或供给环节。,0.8,,2026-07-28,
FOOD007005,餐饮与团餐渠道,FOOD005007,方便食品制造,DOWNSTREAM_OF,1.0,方便食品制造是餐饮与团餐渠道的直接上游投入或供给环节。,0.8,,2026-07-28,
FOOD007001,线下现代渠道,FOOD005008,预制菜与餐食加工,DOWNSTREAM_OF,1.0,预制菜与餐食加工是线下现代渠道的直接上游投入或供给环节。,0.8,,2026-07-28,
FOOD007004,传统流通渠道,FOOD005008,预制菜与餐食加工,DOWNSTREAM_OF,1.0,预制菜与餐食加工是传统流通渠道的直接上游投入或供给环节。,0.8,,2026-07-28,
FOOD007005,餐饮与团餐渠道,FOOD005008,预制菜与餐食加工,DOWNSTREAM_OF,1.0,预制菜与餐食加工是餐饮与团餐渠道的直接上游投入或供给环节。,0.8,,2026-07-28,
FOOD007006,线上电商渠道,FOOD005008,预制菜与餐食加工,DOWNSTREAM_OF,1.0,预制菜与餐食加工是线上电商渠道的直接上游投入或供给环节。,0.8,,2026-07-28,
FOOD007009,终端消费场景,FOOD005008,预制菜与餐食加工,DOWNSTREAM_OF,1.0,预制菜与餐食加工是终端消费场景的直接上游投入或供给环节。,0.8,,2026-07-28,
FOOD007013,冷链物流与仓储,FOOD005008,预制菜与餐食加工,DOWNSTREAM_OF,1.0,预制菜与餐食加工是冷链物流与仓储的直接上游投入或供给环节。,0.8,,2026-07-28,
FOOD007004,传统流通渠道,FOOD005011,保健食品制造,DOWNSTREAM_OF,1.0,保健食品制造是传统流通渠道的直接上游投入或供给环节。,0.8,,2026-07-28,
FOOD001001,白酒,FOOD006001,农产品原料,DOWNSTREAM_OF,1.0,农产品原料是白酒的直接上游投入或供给环节。,0.8,,2026-07-28,
FOOD001002,啤酒,FOOD006001,农产品原料,DOWNSTREAM_OF,1.0,农产品原料是啤酒的直接上游投入或供给环节。,0.8,,2026-07-28,
FOOD001007,葡萄酒,FOOD006001,农产品原料,DOWNSTREAM_OF,1.0,农产品原料是葡萄酒的直接上游投入或供给环节。,0.8,,2026-07-28,
FOOD001008,黄酒,FOOD006001,农产品原料,DOWNSTREAM_OF,1.0,农产品原料是黄酒的直接上游投入或供给环节。,0.8,,2026-07-28,
FOOD001009,预调酒,FOOD006001,农产品原料,DOWNSTREAM_OF,1.0,农产品原料是预调酒的直接上游投入或供给环节。,0.8,,2026-07-28,
FOOD002001,包装饮用水,FOOD006001,农产品原料,DOWNSTREAM_OF,1.0,农产品原料是包装饮用水的直接上游投入或供给环节。,0.8,,2026-07-28,
FOOD002002,碳酸饮料,FOOD006001,农产品原料,DOWNSTREAM_OF,1.0,农产品原料是碳酸饮料的直接上游投入或供给环节。,0.8,,2026-07-28,
FOOD002003,茶饮料,FOOD006001,农产品原料,DOWNSTREAM_OF,1.0,农产品原料是茶饮料的直接上游投入或供给环节。,0.8,,2026-07-28,
FOOD002005,果汁与果蔬饮料,FOOD006001,农产品原料,DOWNSTREAM_OF,1.0,农产品原料是果汁与果蔬饮料的直接上游投入或供给环节。,0.8,,2026-07-28,
FOOD002007,功能饮料,FOOD006001,农产品原料,DOWNSTREAM_OF,1.0,农产品原料是功能饮料的直接上游投入或供给环节。,0.8,,2026-07-28,
FOOD002009,植物蛋白饮料,FOOD006001,农产品原料,DOWNSTREAM_OF,1.0,农产品原料是植物蛋白饮料的直接上游投入或供给环节。,0.8,,2026-07-28,
FOOD002011,含乳饮料,FOOD006001,农产品原料,DOWNSTREAM_OF,1.0,农产品原料是含乳饮料的直接上游投入或供给环节。,0.8,,2026-07-28,
FOOD002012,乳制品制造,FOOD006001,农产品原料,DOWNSTREAM_OF,1.0,农产品原料是乳制品制造的直接上游投入或供给环节。,0.8,,2026-07-28,
FOOD003001,发酵调味品,FOOD006001,农产品原料,DOWNSTREAM_OF,1.0,农产品原料是发酵调味品的直接上游投入或供给环节。,0.8,,2026-07-28,
FOOD003002,复合调味料,FOOD006001,农产品原料,DOWNSTREAM_OF,1.0,农产品原料是复合调味料的直接上游投入或供给环节。,0.8,,2026-07-28,
FOOD003011,基础调味品,FOOD006001,农产品原料,DOWNSTREAM_OF,1.0,农产品原料是基础调味品的直接上游投入或供给环节。,0.8,,2026-07-28,
FOOD004001,休闲食品制造,FOOD006001,农产品原料,DOWNSTREAM_OF,1.0,农产品原料是休闲食品制造的直接上游投入或供给环节。,0.8,,2026-07-28,
FOOD004004,烘焙食品制造,FOOD006001,农产品原料,DOWNSTREAM_OF,1.0,农产品原料是烘焙食品制造的直接上游投入或供给环节。,0.8,,2026-07-28,
FOOD005001,速冻食品制造,FOOD006001,农产品原料,DOWNSTREAM_OF,1.0,农产品原料是速冻食品制造的直接上游投入或供给环节。,0.8,,2026-07-28,
FOOD005005,肉制品加工,FOOD006001,农产品原料,DOWNSTREAM_OF,1.0,农产品原料是肉制品加工的直接上游投入或供给环节。,0.8,,2026-07-28,
FOOD005007,方便食品制造,FOOD006001,农产品原料,DOWNSTREAM_OF,1.0,农产品原料是方便食品制造的直接上游投入或供给环节。,0.8,,2026-07-28,
FOOD005008,预制菜与餐食加工,FOOD006001,农产品原料,DOWNSTREAM_OF,1.0,农产品原料是预制菜与餐食加工的直接上游投入或供给环节。,0.8,,2026-07-28,
FOOD005011,保健食品制造,FOOD006001,农产品原料,DOWNSTREAM_OF,1.0,农产品原料是保健食品制造的直接上游投入或供给环节。,0.8,,2026-07-28,
FOOD001002,啤酒,FOOD006017,食品添加剂与配料,DOWNSTREAM_OF,1.0,食品添加剂与配料是啤酒的直接上游投入或供给环节。,0.8,,2026-07-28,
FOOD001007,葡萄酒,FOOD006017,食品添加剂与配料,DOWNSTREAM_OF,1.0,食品添加剂与配料是葡萄酒的直接上游投入或供给环节。,0.8,,2026-07-28,
FOOD001008,黄酒,FOOD006017,食品添加剂与配料,DOWNSTREAM_OF,1.0,食品添加剂与配料是黄酒的直接上游投入或供给环节。,0.8,,2026-07-28,
FOOD001009,预调酒,FOOD006017,食品添加剂与配料,DOWNSTREAM_OF,1.0,食品添加剂与配料是预调酒的直接上游投入或供给环节。,0.8,,2026-07-28,
FOOD002002,碳酸饮料,FOOD006017,食品添加剂与配料,DOWNSTREAM_OF,1.0,食品添加剂与配料是碳酸饮料的直接上游投入或供给环节。,0.8,,2026-07-28,
FOOD002003,茶饮料,FOOD006017,食品添加剂与配料,DOWNSTREAM_OF,1.0,食品添加剂与配料是茶饮料的直接上游投入或供给环节。,0.8,,2026-07-28,
FOOD002005,果汁与果蔬饮料,FOOD006017,食品添加剂与配料,DOWNSTREAM_OF,1.0,食品添加剂与配料是果汁与果蔬饮料的直接上游投入或供给环节。,0.8,,2026-07-28,
FOOD002007,功能饮料,FOOD006017,食品添加剂与配料,DOWNSTREAM_OF,1.0,食品添加剂与配料是功能饮料的直接上游投入或供给环节。,0.8,,2026-07-28,
FOOD002009,植物蛋白饮料,FOOD006017,食品添加剂与配料,DOWNSTREAM_OF,1.0,食品添加剂与配料是植物蛋白饮料的直接上游投入或供给环节。,0.8,,2026-07-28,
FOOD002011,含乳饮料,FOOD006017,食品添加剂与配料,DOWNSTREAM_OF,1.0,食品添加剂与配料是含乳饮料的直接上游投入或供给环节。,0.8,,2026-07-28,
FOOD002012,乳制品制造,FOOD006017,食品添加剂与配料,DOWNSTREAM_OF,1.0,食品添加剂与配料是乳制品制造的直接上游投入或供给环节。,0.8,,2026-07-28,
FOOD003001,发酵调味品,FOOD006017,食品添加剂与配料,DOWNSTREAM_OF,1.0,食品添加剂与配料是发酵调味品的直接上游投入或供给环节。,0.8,,2026-07-28,
FOOD003002,复合调味料,FOOD006017,食品添加剂与配料,DOWNSTREAM_OF,1.0,食品添加剂与配料是复合调味料的直接上游投入或供给环节。,0.8,,2026-07-28,
FOOD003011,基础调味品,FOOD006017,食品添加剂与配料,DOWNSTREAM_OF,1.0,食品添加剂与配料是基础调味品的直接上游投入或供给环节。,0.8,,2026-07-28,
FOOD004001,休闲食品制造,FOOD006017,食品添加剂与配料,DOWNSTREAM_OF,1.0,食品添加剂与配料是休闲食品制造的直接上游投入或供给环节。,0.8,,2026-07-28,
FOOD004004,烘焙食品制造,FOOD006017,食品添加剂与配料,DOWNSTREAM_OF,1.0,食品添加剂与配料是烘焙食品制造的直接上游投入或供给环节。,0.8,,2026-07-28,
FOOD005001,速冻食品制造,FOOD006017,食品添加剂与配料,DOWNSTREAM_OF,1.0,食品添加剂与配料是速冻食品制造的直接上游投入或供给环节。,0.8,,2026-07-28,
FOOD005005,肉制品加工,FOOD006017,食品添加剂与配料,DOWNSTREAM_OF,1.0,食品添加剂与配料是肉制品加工的直接上游投入或供给环节。,0.8,,2026-07-28,
FOOD005007,方便食品制造,FOOD006017,食品添加剂与配料,DOWNSTREAM_OF,1.0,食品添加剂与配料是方便食品制造的直接上游投入或供给环节。,0.8,,2026-07-28,
FOOD005008,预制菜与餐食加工,FOOD006017,食品添加剂与配料,DOWNSTREAM_OF,1.0,食品添加剂与配料是预制菜与餐食加工的直接上游投入或供给环节。,0.8,,2026-07-28,
FOOD005011,保健食品制造,FOOD006017,食品添加剂与配料,DOWNSTREAM_OF,1.0,食品添加剂与配料是保健食品制造的直接上游投入或供给环节。,0.8,,2026-07-28,
FOOD001001,白酒,FOOD006028,包装材料,DOWNSTREAM_OF,1.0,包装材料是白酒的直接上游投入或供给环节。,0.8,,2026-07-28,
FOOD001002,啤酒,FOOD006028,包装材料,DOWNSTREAM_OF,1.0,包装材料是啤酒的直接上游投入或供给环节。,0.8,,2026-07-28,
FOOD001007,葡萄酒,FOOD006028,包装材料,DOWNSTREAM_OF,1.0,包装材料是葡萄酒的直接上游投入或供给环节。,0.8,,2026-07-28,
FOOD001008,黄酒,FOOD006028,包装材料,DOWNSTREAM_OF,1.0,包装材料是黄酒的直接上游投入或供给环节。,0.8,,2026-07-28,
FOOD001009,预调酒,FOOD006028,包装材料,DOWNSTREAM_OF,1.0,包装材料是预调酒的直接上游投入或供给环节。,0.8,,2026-07-28,
FOOD002001,包装饮用水,FOOD006028,包装材料,DOWNSTREAM_OF,1.0,包装材料是包装饮用水的直接上游投入或供给环节。,0.8,,2026-07-28,
FOOD002002,碳酸饮料,FOOD006028,包装材料,DOWNSTREAM_OF,1.0,包装材料是碳酸饮料的直接上游投入或供给环节。,0.8,,2026-07-28,
FOOD002003,茶饮料,FOOD006028,包装材料,DOWNSTREAM_OF,1.0,包装材料是茶饮料的直接上游投入或供给环节。,0.8,,2026-07-28,
FOOD002005,果汁与果蔬饮料,FOOD006028,包装材料,DOWNSTREAM_OF,1.0,包装材料是果汁与果蔬饮料的直接上游投入或供给环节。,0.8,,2026-07-28,
FOOD002007,功能饮料,FOOD006028,包装材料,DOWNSTREAM_OF,1.0,包装材料是功能饮料的直接上游投入或供给环节。,0.8,,2026-07-28,
FOOD002009,植物蛋白饮料,FOOD006028,包装材料,DOWNSTREAM_OF,1.0,包装材料是植物蛋白饮料的直接上游投入或供给环节。,0.8,,2026-07-28,
FOOD002011,含乳饮料,FOOD006028,包装材料,DOWNSTREAM_OF,1.0,包装材料是含乳饮料的直接上游投入或供给环节。,0.8,,2026-07-28,
FOOD002012,乳制品制造,FOOD006028,包装材料,DOWNSTREAM_OF,1.0,包装材料是乳制品制造的直接上游投入或供给环节。,0.8,,2026-07-28,
FOOD003001,发酵调味品,FOOD006028,包装材料,DOWNSTREAM_OF,1.0,包装材料是发酵调味品的直接上游投入或供给环节。,0.8,,2026-07-28,
FOOD003002,复合调味料,FOOD006028,包装材料,DOWNSTREAM_OF,1.0,包装材料是复合调味料的直接上游投入或供给环节。,0.8,,2026-07-28,
FOOD004001,休闲食品制造,FOOD006028,包装材料,DOWNSTREAM_OF,1.0,包装材料是休闲食品制造的直接上游投入或供给环节。,0.8,,2026-07-28,
FOOD004004,烘焙食品制造,FOOD006028,包装材料,DOWNSTREAM_OF,1.0,包装材料是烘焙食品制造的直接上游投入或供给环节。,0.8,,2026-07-28,
FOOD005001,速冻食品制造,FOOD006028,包装材料,DOWNSTREAM_OF,1.0,包装材料是速冻食品制造的直接上游投入或供给环节。,0.8,,2026-07-28,
FOOD005005,肉制品加工,FOOD006028,包装材料,DOWNSTREAM_OF,1.0,包装材料是肉制品加工的直接上游投入或供给环节。,0.8,,2026-07-28,
FOOD005007,方便食品制造,FOOD006028,包装材料,DOWNSTREAM_OF,1.0,包装材料是方便食品制造的直接上游投入或供给环节。,0.8,,2026-07-28,
FOOD005008,预制菜与餐食加工,FOOD006028,包装材料,DOWNSTREAM_OF,1.0,包装材料是预制菜与餐食加工的直接上游投入或供给环节。,0.8,,2026-07-28,
FOOD005011,保健食品制造,FOOD006028,包装材料,DOWNSTREAM_OF,1.0,包装材料是保健食品制造的直接上游投入或供给环节。,0.8,,2026-07-28,
FOOD007001,线下现代渠道,FOOD000001,酒类制造,DOWNSTREAM_OF,1.0,酒类制造是线下现代渠道的跨层上游投影，由 2 条 L2 上下游关系推导。,0.8,,2026-07-28,
FOOD007004,传统流通渠道,FOOD000001,酒类制造,DOWNSTREAM_OF,1.0,酒类制造是传统流通渠道的跨层上游投影，由 4 条 L2 上下游关系推导。,0.8,,2026-07-28,
FOOD007005,餐饮与团餐渠道,FOOD000001,酒类制造,DOWNSTREAM_OF,1.0,酒类制造是餐饮与团餐渠道的跨层上游投影，由 5 条 L2 上下游关系推导。,0.8,,2026-07-28,
FOOD007006,线上电商渠道,FOOD000001,酒类制造,DOWNSTREAM_OF,1.0,酒类制造是线上电商渠道的跨层上游投影，由 2 条 L2 上下游关系推导。,0.8,,2026-07-28,
FOOD007009,终端消费场景,FOOD000001,酒类制造,DOWNSTREAM_OF,1.0,酒类制造是终端消费场景的跨层上游投影，由 1 条 L2 上下游关系推导。,0.8,,2026-07-28,
FOOD007013,冷链物流与仓储,FOOD000001,酒类制造,DOWNSTREAM_OF,1.0,酒类制造是冷链物流与仓储的跨层上游投影，由 1 条 L2 上下游关系推导。,0.8,,2026-07-28,
FOOD000007,食品饮料流通与消费渠道,FOOD001001,白酒,DOWNSTREAM_OF,1.0,白酒是食品饮料流通与消费渠道的跨层上游投影，由 2 条 L2 上下游关系推导。,0.8,,2026-07-28,
FOOD000007,食品饮料流通与消费渠道,FOOD001002,啤酒,DOWNSTREAM_OF,1.0,啤酒是食品饮料流通与消费渠道的跨层上游投影，由 2 条 L2 上下游关系推导。,0.8,,2026-07-28,
FOOD000007,食品饮料流通与消费渠道,FOOD001007,葡萄酒,DOWNSTREAM_OF,1.0,葡萄酒是食品饮料流通与消费渠道的跨层上游投影，由 5 条 L2 上下游关系推导。,0.8,,2026-07-28,
FOOD000007,食品饮料流通与消费渠道,FOOD001008,黄酒,DOWNSTREAM_OF,1.0,黄酒是食品饮料流通与消费渠道的跨层上游投影，由 2 条 L2 上下游关系推导。,0.8,,2026-07-28,
FOOD000007,食品饮料流通与消费渠道,FOOD001009,预调酒,DOWNSTREAM_OF,1.0,预调酒是食品饮料流通与消费渠道的跨层上游投影，由 4 条 L2 上下游关系推导。,0.8,,2026-07-28,
FOOD007001,线下现代渠道,FOOD000002,乳品与非酒精饮料制造,DOWNSTREAM_OF,1.0,乳品与非酒精饮料制造是线下现代渠道的跨层上游投影，由 1 条 L2 上下游关系推导。,0.8,,2026-07-28,
FOOD007004,传统流通渠道,FOOD000002,乳品与非酒精饮料制造,DOWNSTREAM_OF,1.0,乳品与非酒精饮料制造是传统流通渠道的跨层上游投影，由 6 条 L2 上下游关系推导。,0.8,,2026-07-28,
FOOD007005,餐饮与团餐渠道,FOOD000002,乳品与非酒精饮料制造,DOWNSTREAM_OF,1.0,乳品与非酒精饮料制造是餐饮与团餐渠道的跨层上游投影，由 5 条 L2 上下游关系推导。,0.8,,2026-07-28,
FOOD007009,终端消费场景,FOOD000002,乳品与非酒精饮料制造,DOWNSTREAM_OF,1.0,乳品与非酒精饮料制造是终端消费场景的跨层上游投影，由 2 条 L2 上下游关系推导。,0.8,,2026-07-28,
FOOD000007,食品饮料流通与消费渠道,FOOD002001,包装饮用水,DOWNSTREAM_OF,1.0,包装饮用水是食品饮料流通与消费渠道的跨层上游投影，由 2 条 L2 上下游关系推导。,0.8,,2026-07-28,
FOOD000007,食品饮料流通与消费渠道,FOOD002002,碳酸饮料,DOWNSTREAM_OF,1.0,碳酸饮料是食品饮料流通与消费渠道的跨层上游投影，由 3 条 L2 上下游关系推导。,0.8,,2026-07-28,
FOOD000007,食品饮料流通与消费渠道,FOOD002005,果汁与果蔬饮料,DOWNSTREAM_OF,1.0,果汁与果蔬饮料是食品饮料流通与消费渠道的跨层上游投影，由 2 条 L2 上下游关系推导。,0.8,,2026-07-28,
FOOD000007,食品饮料流通与消费渠道,FOOD002007,功能饮料,DOWNSTREAM_OF,1.0,功能饮料是食品饮料流通与消费渠道的跨层上游投影，由 2 条 L2 上下游关系推导。,0.8,,2026-07-28,
FOOD000007,食品饮料流通与消费渠道,FOOD002009,植物蛋白饮料,DOWNSTREAM_OF,1.0,植物蛋白饮料是食品饮料流通与消费渠道的跨层上游投影，由 1 条 L2 上下游关系推导。,0.8,,2026-07-28,
FOOD000007,食品饮料流通与消费渠道,FOOD002011,含乳饮料,DOWNSTREAM_OF,1.0,含乳饮料是食品饮料流通与消费渠道的跨层上游投影，由 3 条 L2 上下游关系推导。,0.8,,2026-07-28,
FOOD000007,食品饮料流通与消费渠道,FOOD002012,乳制品制造,DOWNSTREAM_OF,1.0,乳制品制造是食品饮料流通与消费渠道的跨层上游投影，由 1 条 L2 上下游关系推导。,0.8,,2026-07-28,
FOOD004001,休闲食品制造,FOOD000003,调味发酵品制造,DOWNSTREAM_OF,1.0,调味发酵品制造是休闲食品制造的跨层上游投影，由 1 条 L2 上下游关系推导。,0.8,,2026-07-28,
FOOD005008,预制菜与餐食加工,FOOD000003,调味发酵品制造,DOWNSTREAM_OF,1.0,调味发酵品制造是预制菜与餐食加工的跨层上游投影，由 2 条 L2 上下游关系推导。,0.8,,2026-07-28,
FOOD007001,线下现代渠道,FOOD000003,调味发酵品制造,DOWNSTREAM_OF,1.0,调味发酵品制造是线下现代渠道的跨层上游投影，由 1 条 L2 上下游关系推导。,0.8,,2026-07-28,
FOOD007004,传统流通渠道,FOOD000003,调味发酵品制造,DOWNSTREAM_OF,1.0,调味发酵品制造是传统流通渠道的跨层上游投影，由 2 条 L2 上下游关系推导。,0.8,,2026-07-28,
FOOD007005,餐饮与团餐渠道,FOOD000003,调味发酵品制造,DOWNSTREAM_OF,1.0,调味发酵品制造是餐饮与团餐渠道的跨层上游投影，由 3 条 L2 上下游关系推导。,0.8,,2026-07-28,
FOOD007006,线上电商渠道,FOOD000003,调味发酵品制造,DOWNSTREAM_OF,1.0,调味发酵品制造是线上电商渠道的跨层上游投影，由 1 条 L2 上下游关系推导。,0.8,,2026-07-28,
FOOD007009,终端消费场景,FOOD000003,调味发酵品制造,DOWNSTREAM_OF,1.0,调味发酵品制造是终端消费场景的跨层上游投影，由 1 条 L2 上下游关系推导。,0.8,,2026-07-28,
FOOD000004,休闲食品与烘焙制造,FOOD003001,发酵调味品,DOWNSTREAM_OF,1.0,发酵调味品是休闲食品与烘焙制造的跨层上游投影，由 1 条 L2 上下游关系推导。,0.8,,2026-07-28,
FOOD000007,食品饮料流通与消费渠道,FOOD003001,发酵调味品,DOWNSTREAM_OF,1.0,发酵调味品是食品饮料流通与消费渠道的跨层上游投影，由 2 条 L2 上下游关系推导。,0.8,,2026-07-28,
FOOD000005,肉制品与预制便捷食品制造,FOOD003002,复合调味料,DOWNSTREAM_OF,1.0,复合调味料是肉制品与预制便捷食品制造的跨层上游投影，由 1 条 L2 上下游关系推导。,0.8,,2026-07-28,
FOOD000007,食品饮料流通与消费渠道,FOOD003002,复合调味料,DOWNSTREAM_OF,1.0,复合调味料是食品饮料流通与消费渠道的跨层上游投影，由 2 条 L2 上下游关系推导。,0.8,,2026-07-28,
FOOD000005,肉制品与预制便捷食品制造,FOOD003011,基础调味品,DOWNSTREAM_OF,1.0,基础调味品是肉制品与预制便捷食品制造的跨层上游投影，由 1 条 L2 上下游关系推导。,0.8,,2026-07-28,
FOOD000007,食品饮料流通与消费渠道,FOOD003011,基础调味品,DOWNSTREAM_OF,1.0,基础调味品是食品饮料流通与消费渠道的跨层上游投影，由 4 条 L2 上下游关系推导。,0.8,,2026-07-28,
FOOD007001,线下现代渠道,FOOD000004,休闲食品与烘焙制造,DOWNSTREAM_OF,1.0,休闲食品与烘焙制造是线下现代渠道的跨层上游投影，由 1 条 L2 上下游关系推导。,0.8,,2026-07-28,
FOOD007004,传统流通渠道,FOOD000004,休闲食品与烘焙制造,DOWNSTREAM_OF,1.0,休闲食品与烘焙制造是传统流通渠道的跨层上游投影，由 1 条 L2 上下游关系推导。,0.8,,2026-07-28,
FOOD007005,餐饮与团餐渠道,FOOD000004,休闲食品与烘焙制造,DOWNSTREAM_OF,1.0,休闲食品与烘焙制造是餐饮与团餐渠道的跨层上游投影，由 2 条 L2 上下游关系推导。,0.8,,2026-07-28,
FOOD007006,线上电商渠道,FOOD000004,休闲食品与烘焙制造,DOWNSTREAM_OF,1.0,休闲食品与烘焙制造是线上电商渠道的跨层上游投影，由 1 条 L2 上下游关系推导。,0.8,,2026-07-28,
FOOD007009,终端消费场景,FOOD000004,休闲食品与烘焙制造,DOWNSTREAM_OF,1.0,休闲食品与烘焙制造是终端消费场景的跨层上游投影，由 1 条 L2 上下游关系推导。,0.8,,2026-07-28,
FOOD000007,食品饮料流通与消费渠道,FOOD004001,休闲食品制造,DOWNSTREAM_OF,1.0,休闲食品制造是食品饮料流通与消费渠道的跨层上游投影，由 2 条 L2 上下游关系推导。,0.8,,2026-07-28,
FOOD000007,食品饮料流通与消费渠道,FOOD004004,烘焙食品制造,DOWNSTREAM_OF,1.0,烘焙食品制造是食品饮料流通与消费渠道的跨层上游投影，由 4 条 L2 上下游关系推导。,0.8,,2026-07-28,
FOOD007001,线下现代渠道,FOOD000005,肉制品与预制便捷食品制造,DOWNSTREAM_OF,1.0,肉制品与预制便捷食品制造是线下现代渠道的跨层上游投影，由 1 条 L2 上下游关系推导。,0.8,,2026-07-28,
FOOD007004,传统流通渠道,FOOD000005,肉制品与预制便捷食品制造,DOWNSTREAM_OF,1.0,肉制品与预制便捷食品制造是传统流通渠道的跨层上游投影，由 5 条 L2 上下游关系推导。,0.8,,2026-07-28,
FOOD007005,餐饮与团餐渠道,FOOD000005,肉制品与预制便捷食品制造,DOWNSTREAM_OF,1.0,肉制品与预制便捷食品制造是餐饮与团餐渠道的跨层上游投影，由 4 条 L2 上下游关系推导。,0.8,,2026-07-28,
FOOD007006,线上电商渠道,FOOD000005,肉制品与预制便捷食品制造,DOWNSTREAM_OF,1.0,肉制品与预制便捷食品制造是线上电商渠道的跨层上游投影，由 1 条 L2 上下游关系推导。,0.8,,2026-07-28,
FOOD007009,终端消费场景,FOOD000005,肉制品与预制便捷食品制造,DOWNSTREAM_OF,1.0,肉制品与预制便捷食品制造是终端消费场景的跨层上游投影，由 1 条 L2 上下游关系推导。,0.8,,2026-07-28,
FOOD007013,冷链物流与仓储,FOOD000005,肉制品与预制便捷食品制造,DOWNSTREAM_OF,1.0,肉制品与预制便捷食品制造是冷链物流与仓储的跨层上游投影，由 2 条 L2 上下游关系推导。,0.8,,2026-07-28,
FOOD000007,食品饮料流通与消费渠道,FOOD005001,速冻食品制造,DOWNSTREAM_OF,1.0,速冻食品制造是食品饮料流通与消费渠道的跨层上游投影，由 2 条 L2 上下游关系推导。,0.8,,2026-07-28,
FOOD000007,食品饮料流通与消费渠道,FOOD005005,肉制品加工,DOWNSTREAM_OF,1.0,肉制品加工是食品饮料流通与消费渠道的跨层上游投影，由 3 条 L2 上下游关系推导。,0.8,,2026-07-28,
FOOD000007,食品饮料流通与消费渠道,FOOD005007,方便食品制造,DOWNSTREAM_OF,1.0,方便食品制造是食品饮料流通与消费渠道的跨层上游投影，由 2 条 L2 上下游关系推导。,0.8,,2026-07-28,
FOOD000007,食品饮料流通与消费渠道,FOOD005008,预制菜与餐食加工,DOWNSTREAM_OF,1.0,预制菜与餐食加工是食品饮料流通与消费渠道的跨层上游投影，由 6 条 L2 上下游关系推导。,0.8,,2026-07-28,
FOOD000007,食品饮料流通与消费渠道,FOOD005011,保健食品制造,DOWNSTREAM_OF,1.0,保健食品制造是食品饮料流通与消费渠道的跨层上游投影，由 1 条 L2 上下游关系推导。,0.8,,2026-07-28,
FOOD001001,白酒,FOOD000006,食品原料、辅料与包材供应链,DOWNSTREAM_OF,1.0,食品原料、辅料与包材供应链是白酒的跨层上游投影，由 2 条 L2 上下游关系推导。,0.8,,2026-07-28,
FOOD001002,啤酒,FOOD000006,食品原料、辅料与包材供应链,DOWNSTREAM_OF,1.0,食品原料、辅料与包材供应链是啤酒的跨层上游投影，由 3 条 L2 上下游关系推导。,0.8,,2026-07-28,
FOOD001007,葡萄酒,FOOD000006,食品原料、辅料与包材供应链,DOWNSTREAM_OF,1.0,食品原料、辅料与包材供应链是葡萄酒的跨层上游投影，由 3 条 L2 上下游关系推导。,0.8,,2026-07-28,
FOOD001008,黄酒,FOOD000006,食品原料、辅料与包材供应链,DOWNSTREAM_OF,1.0,食品原料、辅料与包材供应链是黄酒的跨层上游投影，由 3 条 L2 上下游关系推导。,0.8,,2026-07-28,
FOOD001009,预调酒,FOOD000006,食品原料、辅料与包材供应链,DOWNSTREAM_OF,1.0,食品原料、辅料与包材供应链是预调酒的跨层上游投影，由 3 条 L2 上下游关系推导。,0.8,,2026-07-28,
FOOD002001,包装饮用水,FOOD000006,食品原料、辅料与包材供应链,DOWNSTREAM_OF,1.0,食品原料、辅料与包材供应链是包装饮用水的跨层上游投影，由 2 条 L2 上下游关系推导。,0.8,,2026-07-28,
FOOD002002,碳酸饮料,FOOD000006,食品原料、辅料与包材供应链,DOWNSTREAM_OF,1.0,食品原料、辅料与包材供应链是碳酸饮料的跨层上游投影，由 3 条 L2 上下游关系推导。,0.8,,2026-07-28,
FOOD002003,茶饮料,FOOD000006,食品原料、辅料与包材供应链,DOWNSTREAM_OF,1.0,食品原料、辅料与包材供应链是茶饮料的跨层上游投影，由 3 条 L2 上下游关系推导。,0.8,,2026-07-28,
FOOD002005,果汁与果蔬饮料,FOOD000006,食品原料、辅料与包材供应链,DOWNSTREAM_OF,1.0,食品原料、辅料与包材供应链是果汁与果蔬饮料的跨层上游投影，由 3 条 L2 上下游关系推导。,0.8,,2026-07-28,
FOOD002007,功能饮料,FOOD000006,食品原料、辅料与包材供应链,DOWNSTREAM_OF,1.0,食品原料、辅料与包材供应链是功能饮料的跨层上游投影，由 3 条 L2 上下游关系推导。,0.8,,2026-07-28,
FOOD002009,植物蛋白饮料,FOOD000006,食品原料、辅料与包材供应链,DOWNSTREAM_OF,1.0,食品原料、辅料与包材供应链是植物蛋白饮料的跨层上游投影，由 3 条 L2 上下游关系推导。,0.8,,2026-07-28,
FOOD002011,含乳饮料,FOOD000006,食品原料、辅料与包材供应链,DOWNSTREAM_OF,1.0,食品原料、辅料与包材供应链是含乳饮料的跨层上游投影，由 3 条 L2 上下游关系推导。,0.8,,2026-07-28,
FOOD002012,乳制品制造,FOOD000006,食品原料、辅料与包材供应链,DOWNSTREAM_OF,1.0,食品原料、辅料与包材供应链是乳制品制造的跨层上游投影，由 3 条 L2 上下游关系推导。,0.8,,2026-07-28,
FOOD003001,发酵调味品,FOOD000006,食品原料、辅料与包材供应链,DOWNSTREAM_OF,1.0,食品原料、辅料与包材供应链是发酵调味品的跨层上游投影，由 3 条 L2 上下游关系推导。,0.8,,2026-07-28,
FOOD003002,复合调味料,FOOD000006,食品原料、辅料与包材供应链,DOWNSTREAM_OF,1.0,食品原料、辅料与包材供应链是复合调味料的跨层上游投影，由 3 条 L2 上下游关系推导。,0.8,,2026-07-28,
FOOD003011,基础调味品,FOOD000006,食品原料、辅料与包材供应链,DOWNSTREAM_OF,1.0,食品原料、辅料与包材供应链是基础调味品的跨层上游投影，由 2 条 L2 上下游关系推导。,0.8,,2026-07-28,
FOOD004001,休闲食品制造,FOOD000006,食品原料、辅料与包材供应链,DOWNSTREAM_OF,1.0,食品原料、辅料与包材供应链是休闲食品制造的跨层上游投影，由 3 条 L2 上下游关系推导。,0.8,,2026-07-28,
FOOD004004,烘焙食品制造,FOOD000006,食品原料、辅料与包材供应链,DOWNSTREAM_OF,1.0,食品原料、辅料与包材供应链是烘焙食品制造的跨层上游投影，由 3 条 L2 上下游关系推导。,0.8,,2026-07-28,
FOOD005001,速冻食品制造,FOOD000006,食品原料、辅料与包材供应链,DOWNSTREAM_OF,1.0,食品原料、辅料与包材供应链是速冻食品制造的跨层上游投影，由 3 条 L2 上下游关系推导。,0.8,,2026-07-28,
FOOD005005,肉制品加工,FOOD000006,食品原料、辅料与包材供应链,DOWNSTREAM_OF,1.0,食品原料、辅料与包材供应链是肉制品加工的跨层上游投影，由 3 条 L2 上下游关系推导。,0.8,,2026-07-28,
FOOD005007,方便食品制造,FOOD000006,食品原料、辅料与包材供应链,DOWNSTREAM_OF,1.0,食品原料、辅料与包材供应链是方便食品制造的跨层上游投影，由 3 条 L2 上下游关系推导。,0.8,,2026-07-28,
FOOD005008,预制菜与餐食加工,FOOD000006,食品原料、辅料与包材供应链,DOWNSTREAM_OF,1.0,食品原料、辅料与包材供应链是预制菜与餐食加工的跨层上游投影，由 3 条 L2 上下游关系推导。,0.8,,2026-07-28,
FOOD005011,保健食品制造,FOOD000006,食品原料、辅料与包材供应链,DOWNSTREAM_OF,1.0,食品原料、辅料与包材供应链是保健食品制造的跨层上游投影，由 3 条 L2 上下游关系推导。,0.8,,2026-07-28,
FOOD000001,酒类制造,FOOD006001,农产品原料,DOWNSTREAM_OF,1.0,农产品原料是酒类制造的跨层上游投影，由 5 条 L2 上下游关系推导。,0.8,,2026-07-28,
FOOD000002,乳品与非酒精饮料制造,FOOD006001,农产品原料,DOWNSTREAM_OF,1.0,农产品原料是乳品与非酒精饮料制造的跨层上游投影，由 8 条 L2 上下游关系推导。,0.8,,2026-07-28,
FOOD000003,调味发酵品制造,FOOD006001,农产品原料,DOWNSTREAM_OF,1.0,农产品原料是调味发酵品制造的跨层上游投影，由 3 条 L2 上下游关系推导。,0.8,,2026-07-28,
FOOD000004,休闲食品与烘焙制造,FOOD006001,农产品原料,DOWNSTREAM_OF,1.0,农产品原料是休闲食品与烘焙制造的跨层上游投影，由 2 条 L2 上下游关系推导。,0.8,,2026-07-28,
FOOD000005,肉制品与预制便捷食品制造,FOOD006001,农产品原料,DOWNSTREAM_OF,1.0,农产品原料是肉制品与预制便捷食品制造的跨层上游投影，由 5 条 L2 上下游关系推导。,0.8,,2026-07-28,
FOOD000001,酒类制造,FOOD006017,食品添加剂与配料,DOWNSTREAM_OF,1.0,食品添加剂与配料是酒类制造的跨层上游投影，由 4 条 L2 上下游关系推导。,0.8,,2026-07-28,
FOOD000002,乳品与非酒精饮料制造,FOOD006017,食品添加剂与配料,DOWNSTREAM_OF,1.0,食品添加剂与配料是乳品与非酒精饮料制造的跨层上游投影，由 7 条 L2 上下游关系推导。,0.8,,2026-07-28,
FOOD000003,调味发酵品制造,FOOD006017,食品添加剂与配料,DOWNSTREAM_OF,1.0,食品添加剂与配料是调味发酵品制造的跨层上游投影，由 3 条 L2 上下游关系推导。,0.8,,2026-07-28,
FOOD000004,休闲食品与烘焙制造,FOOD006017,食品添加剂与配料,DOWNSTREAM_OF,1.0,食品添加剂与配料是休闲食品与烘焙制造的跨层上游投影，由 2 条 L2 上下游关系推导。,0.8,,2026-07-28,
FOOD000005,肉制品与预制便捷食品制造,FOOD006017,食品添加剂与配料,DOWNSTREAM_OF,1.0,食品添加剂与配料是肉制品与预制便捷食品制造的跨层上游投影，由 5 条 L2 上下游关系推导。,0.8,,2026-07-28,
FOOD000001,酒类制造,FOOD006028,包装材料,DOWNSTREAM_OF,1.0,包装材料是酒类制造的跨层上游投影，由 5 条 L2 上下游关系推导。,0.8,,2026-07-28,
FOOD000002,乳品与非酒精饮料制造,FOOD006028,包装材料,DOWNSTREAM_OF,1.0,包装材料是乳品与非酒精饮料制造的跨层上游投影，由 8 条 L2 上下游关系推导。,0.8,,2026-07-28,
FOOD000003,调味发酵品制造,FOOD006028,包装材料,DOWNSTREAM_OF,1.0,包装材料是调味发酵品制造的跨层上游投影，由 2 条 L2 上下游关系推导。,0.8,,2026-07-28,
FOOD000004,休闲食品与烘焙制造,FOOD006028,包装材料,DOWNSTREAM_OF,1.0,包装材料是休闲食品与烘焙制造的跨层上游投影，由 2 条 L2 上下游关系推导。,0.8,,2026-07-28,
FOOD000005,肉制品与预制便捷食品制造,FOOD006028,包装材料,DOWNSTREAM_OF,1.0,包装材料是肉制品与预制便捷食品制造的跨层上游投影，由 5 条 L2 上下游关系推导。,0.8,,2026-07-28,
